date,name,value
2007-12-19,cds_5y_usd,107.3000
2007-12-20,cds_5y_usd,107.3000
2007-12-21,cds_5y_usd,107.3000
2007-12-24,cds_5y_usd,107.3000
2007-12-25,cds_5y_usd,107.3000
2007-12-26,cds_5y_usd,107.3000
2007-12-27,cds_5y_usd,107.3000
2007-12-28,cds_5y_usd,107.3000
2007-12-31,cds_5y_usd,107.3000
2008-01-01,cds_5y_usd,107.3000
2008-01-02,cds_5y_usd,108.3000
2008-01-03,cds_5y_usd,108.3000
2008-01-04,cds_5y_usd,116.3000
2008-01-07,cds_5y_usd,115.3000
2008-01-08,cds_5y_usd,115.3000
2008-01-09,cds_5y_usd,115.3000
2008-01-10,cds_5y_usd,115.3000
2008-01-11,cds_5y_usd,115.3000
2008-01-14,cds_5y_usd,115.3000
2008-01-15,cds_5y_usd,115.3000
2008-01-16,cds_5y_usd,115.3000
2008-01-17,cds_5y_usd,115.3000
2008-01-18,cds_5y_usd,115.3000
2008-01-21,cds_5y_usd,115.3000
2008-01-22,cds_5y_usd,115.3000
2008-01-23,cds_5y_usd,115.3000
2008-01-24,cds_5y_usd,115.3000
2008-01-25,cds_5y_usd,115.3000
2008-01-28,cds_5y_usd,115.3000
2008-01-29,cds_5y_usd,115.3000
2008-01-30,cds_5y_usd,115.3000
2008-01-31,cds_5y_usd,115.3000
2008-02-01,cds_5y_usd,115.3000
2008-02-04,cds_5y_usd,115.3000
2008-02-05,cds_5y_usd,115.3000
2008-02-06,cds_5y_usd,115.3000
2008-02-07,cds_5y_usd,115.3000
2008-02-08,cds_5y_usd,115.3000
2008-02-11,cds_5y_usd,115.3000
2008-02-12,cds_5y_usd,115.3000
2008-02-13,cds_5y_usd,115.3000
2008-02-14,cds_5y_usd,115.3000
2008-02-15,cds_5y_usd,115.3000
2008-02-18,cds_5y_usd,115.3000
2008-02-19,cds_5y_usd,115.3000
2008-02-20,cds_5y_usd,115.3000
2008-02-21,cds_5y_usd,115.3000
2008-02-22,cds_5y_usd,115.3000
2008-02-25,cds_5y_usd,115.3000
2008-02-26,cds_5y_usd,115.3000
2008-02-27,cds_5y_usd,115.3000
2008-02-28,cds_5y_usd,115.3000
2008-02-29,cds_5y_usd,151.1500
2008-03-03,cds_5y_usd,153.6500
2008-03-04,cds_5y_usd,154.1500
2008-03-05,cds_5y_usd,148.6500
2008-03-06,cds_5y_usd,156.1500
2008-03-07,cds_5y_usd,164.6500
2008-03-10,cds_5y_usd,183.1500
2008-03-11,cds_5y_usd,172.1500
2008-03-12,cds_5y_usd,174.6500
2008-03-13,cds_5y_usd,187.6500
2008-03-14,cds_5y_usd,193.6500
2008-03-17,cds_5y_usd,201.6500
2008-03-18,cds_5y_usd,177.6500
2008-03-19,cds_5y_usd,173.6500
2008-03-20,cds_5y_usd,177.1500
2008-03-21,cds_5y_usd,177.1500
2008-03-24,cds_5y_usd,168.1500
2008-03-25,cds_5y_usd,158.1500
2008-03-26,cds_5y_usd,164.1500
2008-03-27,cds_5y_usd,163.6500
2008-03-28,cds_5y_usd,168.1500
2008-03-31,cds_5y_usd,177.6500
2008-04-01,cds_5y_usd,164.1500
2008-04-02,cds_5y_usd,155.6500
2008-04-03,cds_5y_usd,152.1500
2008-04-04,cds_5y_usd,147.1500
2008-04-07,cds_5y_usd,141.6500
2008-04-08,cds_5y_usd,143.6500
2008-04-09,cds_5y_usd,145.1500
2008-04-10,cds_5y_usd,141.6500
2008-04-11,cds_5y_usd,144.1500
2008-04-14,cds_5y_usd,142.1500
2008-04-15,cds_5y_usd,137.6500
2008-04-16,cds_5y_usd,129.1500
2008-04-17,cds_5y_usd,129.1500
2008-04-18,cds_5y_usd,129.1500
2008-04-21,cds_5y_usd,121.6500
2008-04-22,cds_5y_usd,121.6500
2008-04-23,cds_5y_usd,121.6500
2008-04-24,cds_5y_usd,121.6500
2008-04-25,cds_5y_usd,121.6500
2008-04-28,cds_5y_usd,121.6500
2008-04-29,cds_5y_usd,121.6500
2008-04-30,cds_5y_usd,121.6500
2008-05-01,cds_5y_usd,121.6500
2008-05-02,cds_5y_usd,121.6500
2008-05-05,cds_5y_usd,121.6500
2008-05-06,cds_5y_usd,121.6500
2008-05-07,cds_5y_usd,121.6500
2008-05-08,cds_5y_usd,121.6500
2008-05-09,cds_5y_usd,121.6500
2008-05-12,cds_5y_usd,121.6500
2008-05-13,cds_5y_usd,121.6500
2008-05-14,cds_5y_usd,121.6500
2008-05-15,cds_5y_usd,121.6500
2008-05-16,cds_5y_usd,121.6500
2008-05-19,cds_5y_usd,121.6500
2008-05-20,cds_5y_usd,121.6500
2008-05-21,cds_5y_usd,121.6500
2008-05-22,cds_5y_usd,121.6500
2008-05-23,cds_5y_usd,121.6500
2008-05-26,cds_5y_usd,121.6500
2008-05-27,cds_5y_usd,121.6500
2008-05-28,cds_5y_usd,121.6500
2008-05-29,cds_5y_usd,121.6500
2008-05-30,cds_5y_usd,121.6500
2008-06-02,cds_5y_usd,121.6500
2008-06-03,cds_5y_usd,121.6500
2008-06-04,cds_5y_usd,121.6500
2008-06-05,cds_5y_usd,121.6500
2008-06-06,cds_5y_usd,121.6500
2008-06-09,cds_5y_usd,121.6500
2008-06-10,cds_5y_usd,121.6500
2008-06-11,cds_5y_usd,121.6500
2008-06-12,cds_5y_usd,121.6500
2008-06-13,cds_5y_usd,121.6500
2008-06-16,cds_5y_usd,121.6500
2008-06-17,cds_5y_usd,121.6500
2008-06-18,cds_5y_usd,121.6500
2008-06-19,cds_5y_usd,121.6500
2008-06-20,cds_5y_usd,121.6500
2008-06-23,cds_5y_usd,121.6500
2008-06-24,cds_5y_usd,121.6500
2008-06-25,cds_5y_usd,121.6500
2008-06-26,cds_5y_usd,121.6500
2008-06-27,cds_5y_usd,121.6500
2008-06-30,cds_5y_usd,121.6500
2008-07-01,cds_5y_usd,121.6500
2008-07-02,cds_5y_usd,121.6500
2008-07-03,cds_5y_usd,121.6500
2008-07-04,cds_5y_usd,121.6500
2008-07-07,cds_5y_usd,121.6500
2008-07-08,cds_5y_usd,121.6500
2008-07-09,cds_5y_usd,121.6500
2008-07-10,cds_5y_usd,121.6500
2008-07-11,cds_5y_usd,121.6500
2008-07-14,cds_5y_usd,121.6500
2008-07-15,cds_5y_usd,121.6500
2008-07-16,cds_5y_usd,121.6500
2008-07-17,cds_5y_usd,121.6500
2008-07-18,cds_5y_usd,121.6500
2008-07-21,cds_5y_usd,121.6500
2008-07-22,cds_5y_usd,121.6500
2008-07-23,cds_5y_usd,121.6500
2008-07-24,cds_5y_usd,121.6500
2008-07-25,cds_5y_usd,121.6500
2008-07-28,cds_5y_usd,121.6500
2008-07-29,cds_5y_usd,121.6500
2008-07-30,cds_5y_usd,121.6500
2008-07-31,cds_5y_usd,121.6500
2008-08-01,cds_5y_usd,121.6500
2008-08-04,cds_5y_usd,121.6500
2008-08-05,cds_5y_usd,121.6500
2008-08-06,cds_5y_usd,121.6500
2008-08-07,cds_5y_usd,121.6500
2008-08-08,cds_5y_usd,121.6500
2008-08-11,cds_5y_usd,121.6500
2008-08-12,cds_5y_usd,121.6500
2008-08-13,cds_5y_usd,121.6500
2008-08-14,cds_5y_usd,121.6500
2008-08-15,cds_5y_usd,121.6500
2008-08-18,cds_5y_usd,121.6500
2008-08-19,cds_5y_usd,121.6500
2008-08-20,cds_5y_usd,121.6500
2008-08-21,cds_5y_usd,121.6500
2008-08-22,cds_5y_usd,121.6500
2008-08-25,cds_5y_usd,121.6500
2008-08-26,cds_5y_usd,121.6500
2008-08-27,cds_5y_usd,121.6500
2008-08-28,cds_5y_usd,121.6500
2008-08-29,cds_5y_usd,121.6500
2008-09-01,cds_5y_usd,121.6500
2008-09-02,cds_5y_usd,121.6500
2008-09-03,cds_5y_usd,121.6500
2008-09-04,cds_5y_usd,121.6500
2008-09-05,cds_5y_usd,121.6500
2008-09-08,cds_5y_usd,121.6500
2008-09-09,cds_5y_usd,121.6500
2008-09-10,cds_5y_usd,121.6500
2008-09-11,cds_5y_usd,121.6500
2008-09-12,cds_5y_usd,121.6500
2008-09-15,cds_5y_usd,121.6500
2008-09-16,cds_5y_usd,121.6500
2008-09-17,cds_5y_usd,121.6500
2008-09-18,cds_5y_usd,121.6500
2008-09-19,cds_5y_usd,121.6500
2008-09-22,cds_5y_usd,121.6500
2008-09-23,cds_5y_usd,121.6500
2008-09-24,cds_5y_usd,121.6500
2008-09-25,cds_5y_usd,159.0700
2008-09-26,cds_5y_usd,167.0600
2008-09-29,cds_5y_usd,180.1300
2008-09-30,cds_5y_usd,184.5600
2008-10-01,cds_5y_usd,178.0600
2008-10-02,cds_5y_usd,204.0600
2008-10-03,cds_5y_usd,208.0600
2008-10-06,cds_5y_usd,240.5600
2008-10-07,cds_5y_usd,257.5600
2008-10-08,cds_5y_usd,335.1300
2008-10-09,cds_5y_usd,300.1300
2008-10-10,cds_5y_usd,321.7100
2008-10-13,cds_5y_usd,321.7100
2008-10-14,cds_5y_usd,260.0400
2008-10-15,cds_5y_usd,312.5600
2008-10-16,cds_5y_usd,323.0600
2008-10-17,cds_5y_usd,323.1300
2008-10-20,cds_5y_usd,328.5600
2008-10-21,cds_5y_usd,294.3700
2008-10-22,cds_5y_usd,510.5600
2008-10-23,cds_5y_usd,592.8100
2008-10-24,cds_5y_usd,606.3100
2008-10-27,cds_5y_usd,567.8100
2008-10-28,cds_5y_usd,496.3100
2008-10-29,cds_5y_usd,402.3100
2008-10-30,cds_5y_usd,346.8100
2008-10-31,cds_5y_usd,334.8700
2008-11-03,cds_5y_usd,323.8700
2008-11-04,cds_5y_usd,279.8100
2008-11-05,cds_5y_usd,305.8100
2008-11-06,cds_5y_usd,339.1300
2008-11-07,cds_5y_usd,316.3100
2008-11-10,cds_5y_usd,290.3100
2008-11-11,cds_5y_usd,290.3100
2008-11-12,cds_5y_usd,354.8100
2008-11-13,cds_5y_usd,367.8100
2008-11-14,cds_5y_usd,360.3100
2008-11-17,cds_5y_usd,359.8100
2008-11-18,cds_5y_usd,367.8100
2008-11-19,cds_5y_usd,411.3100
2008-11-20,cds_5y_usd,455.3100
2008-11-21,cds_5y_usd,430.3100
2008-11-24,cds_5y_usd,374.8100
2008-11-25,cds_5y_usd,342.8100
2008-11-26,cds_5y_usd,335.3100
2008-11-27,cds_5y_usd,335.3100
2008-11-28,cds_5y_usd,321.8100
2008-12-01,cds_5y_usd,354.1300
2008-12-02,cds_5y_usd,349.8100
2008-12-03,cds_5y_usd,369.0600
2008-12-04,cds_5y_usd,387.8700
2008-12-05,cds_5y_usd,406.8700
2008-12-08,cds_5y_usd,373.2100
2008-12-09,cds_5y_usd,380.8700
2008-12-10,cds_5y_usd,372.8700
2008-12-11,cds_5y_usd,370.2100
2008-12-12,cds_5y_usd,382.2100
2008-12-15,cds_5y_usd,395.2100
2008-12-16,cds_5y_usd,363.5400
2008-12-17,cds_5y_usd,330.2100
2008-12-18,cds_5y_usd,319.2100
2008-12-19,cds_5y_usd,303.8700
2008-12-22,cds_5y_usd,302.5600
2008-12-23,cds_5y_usd,307.5600
2008-12-26,cds_5y_usd,307.5600
2008-12-29,cds_5y_usd,305.0600
2008-12-30,cds_5y_usd,305.0600
2009-01-02,cds_5y_usd,302.5600
2009-01-05,cds_5y_usd,293.5400
2009-01-06,cds_5y_usd,287.3700
2009-01-07,cds_5y_usd,301.0400
2009-01-08,cds_5y_usd,306.3700
2009-01-09,cds_5y_usd,305.3700
2009-01-12,cds_5y_usd,320.3700
2009-01-13,cds_5y_usd,320.7100
2009-01-14,cds_5y_usd,334.3700
2009-01-15,cds_5y_usd,341.3700
2009-01-16,cds_5y_usd,331.7100
2009-01-19,cds_5y_usd,330.0600
2009-01-20,cds_5y_usd,361.3700
2009-01-21,cds_5y_usd,352.0400
2009-01-22,cds_5y_usd,356.3700
2009-01-23,cds_5y_usd,349.0400
2009-01-26,cds_5y_usd,328.7100
2009-01-27,cds_5y_usd,330.0400
2009-01-28,cds_5y_usd,323.7100
2009-01-29,cds_5y_usd,332.3700
2009-01-30,cds_5y_usd,346.5600
2009-02-02,cds_5y_usd,351.3700
2009-02-03,cds_5y_usd,351.3700
2009-02-04,cds_5y_usd,366.0400
2009-02-05,cds_5y_usd,373.0400
2009-02-06,cds_5y_usd,356.7100
2009-02-09,cds_5y_usd,349.0400
2009-02-10,cds_5y_usd,363.0400
2009-02-11,cds_5y_usd,371.3700
2009-02-12,cds_5y_usd,377.7100
2009-02-13,cds_5y_usd,370.0400
2009-02-16,cds_5y_usd,369.0600
2009-02-17,cds_5y_usd,382.0600
2009-02-18,cds_5y_usd,380.3700
2009-02-19,cds_5y_usd,379.3700
2009-02-20,cds_5y_usd,396.0400
2009-02-23,cds_5y_usd,406.0400
2009-02-24,cds_5y_usd,399.3700
2009-02-25,cds_5y_usd,394.7100
2009-02-26,cds_5y_usd,385.0400
2009-02-27,cds_5y_usd,399.0400
2009-03-02,cds_5y_usd,433.3700
2009-03-03,cds_5y_usd,431.0600
2009-03-04,cds_5y_usd,420.5600
2009-03-05,cds_5y_usd,419.7100
2009-03-06,cds_5y_usd,421.0600
2009-03-09,cds_5y_usd,414.0400
2009-03-10,cds_5y_usd,387.3700
2009-03-11,cds_5y_usd,384.0400
2009-03-12,cds_5y_usd,375.7100
2009-03-13,cds_5y_usd,367.7100
2009-03-16,cds_5y_usd,360.0400
2009-03-17,cds_5y_usd,363.0400
2009-03-18,cds_5y_usd,363.3700
2009-03-19,cds_5y_usd,357.3700
2009-03-20,cds_5y_usd,359.0400
2009-03-23,cds_5y_usd,346.7100
2009-03-24,cds_5y_usd,350.0400
2009-03-25,cds_5y_usd,343.3700
2009-03-26,cds_5y_usd,321.0400
2009-03-27,cds_5y_usd,323.7100
2009-03-30,cds_5y_usd,333.2800
2009-03-31,cds_5y_usd,327.2800
2009-04-01,cds_5y_usd,318.0400
2009-04-02,cds_5y_usd,305.2800
2009-04-03,cds_5y_usd,286.0300
2009-04-06,cds_5y_usd,288.0300
2009-04-07,cds_5y_usd,296.2800
2009-04-08,cds_5y_usd,289.5300
2009-04-09,cds_5y_usd,283.0300
2009-04-10,cds_5y_usd,271.0600
2009-04-13,cds_5y_usd,272.5300
2009-04-14,cds_5y_usd,269.7800
2009-04-15,cds_5y_usd,273.2800
2009-04-16,cds_5y_usd,274.0300
2009-04-17,cds_5y_usd,274.2800
2009-04-20,cds_5y_usd,293.2800
2009-04-21,cds_5y_usd,297.2800
2009-04-22,cds_5y_usd,295.0400
2009-04-23,cds_5y_usd,292.2800
2009-04-24,cds_5y_usd,282.2800
2009-04-27,cds_5y_usd,290.2800
2009-04-28,cds_5y_usd,291.0400
2009-04-29,cds_5y_usd,279.0400
2009-04-30,cds_5y_usd,273.7800
2009-05-01,cds_5y_usd,274.2800
2009-05-04,cds_5y_usd,270.7800
2009-05-05,cds_5y_usd,256.7800
2009-05-06,cds_5y_usd,238.5300
2009-05-07,cds_5y_usd,234.5600
2009-05-08,cds_5y_usd,218.2800
2009-05-11,cds_5y_usd,227.0600
2009-05-12,cds_5y_usd,228.0300
2009-05-13,cds_5y_usd,232.5600
2009-05-14,cds_5y_usd,231.7800
2009-05-15,cds_5y_usd,225.7100
2009-05-18,cds_5y_usd,214.0400
2009-05-19,cds_5y_usd,207.0400
2009-05-20,cds_5y_usd,195.0600
2009-05-21,cds_5y_usd,204.0400
2009-05-22,cds_5y_usd,207.0400
2009-05-25,cds_5y_usd,207.5600
2009-05-26,cds_5y_usd,200.7100
2009-05-27,cds_5y_usd,197.3700
2009-05-28,cds_5y_usd,195.7100
2009-05-29,cds_5y_usd,192.3700
2009-06-01,cds_5y_usd,182.7100
2009-06-02,cds_5y_usd,183.3700
2009-06-03,cds_5y_usd,188.3700
2009-06-04,cds_5y_usd,184.9000
2009-06-05,cds_5y_usd,181.2400
2009-06-08,cds_5y_usd,184.5700
2009-06-09,cds_5y_usd,182.4000
2009-06-10,cds_5y_usd,181.5700
2009-06-11,cds_5y_usd,179.9000
2009-06-12,cds_5y_usd,179.2400
2009-06-15,cds_5y_usd,184.4000
2009-06-16,cds_5y_usd,188.2400
2009-06-17,cds_5y_usd,194.4000
2009-06-18,cds_5y_usd,192.5700
2009-06-19,cds_5y_usd,193.3600
2009-06-22,cds_5y_usd,203.7400
2009-06-23,cds_5y_usd,204.2400
2009-06-24,cds_5y_usd,192.5700
2009-06-25,cds_5y_usd,188.9000
2009-06-26,cds_5y_usd,186.2400
2009-06-29,cds_5y_usd,179.5700
2009-06-30,cds_5y_usd,181.7400
2009-07-01,cds_5y_usd,179.4000
2009-07-02,cds_5y_usd,186.8600
2009-07-03,cds_5y_usd,186.8600
2009-07-06,cds_5y_usd,184.5700
2009-07-07,cds_5y_usd,188.0700
2009-07-08,cds_5y_usd,193.9000
2009-07-09,cds_5y_usd,191.2400
2009-07-10,cds_5y_usd,196.5700
2009-07-13,cds_5y_usd,190.2400
2009-07-14,cds_5y_usd,185.2400
2009-07-15,cds_5y_usd,180.2400
2009-07-16,cds_5y_usd,180.4000
2009-07-17,cds_5y_usd,180.8600
2009-07-20,cds_5y_usd,177.0700
2009-07-21,cds_5y_usd,164.6100
2009-07-22,cds_5y_usd,158.7200
2009-07-23,cds_5y_usd,147.7200
2009-07-24,cds_5y_usd,146.1100
2009-07-27,cds_5y_usd,140.1100
2009-07-28,cds_5y_usd,142.6100
2009-07-29,cds_5y_usd,142.8600
2009-07-30,cds_5y_usd,134.1800
2009-07-31,cds_5y_usd,132.6800
2009-08-03,cds_5y_usd,118.4300
2009-08-04,cds_5y_usd,114.9300
2009-08-05,cds_5y_usd,117.6800
2009-08-06,cds_5y_usd,119.1800
2009-08-07,cds_5y_usd,115.9300
2009-08-10,cds_5y_usd,117.9300
2009-08-11,cds_5y_usd,132.9300
2009-08-12,cds_5y_usd,131.1800
2009-08-13,cds_5y_usd,128.9300
2009-08-14,cds_5y_usd,135.4300
2009-08-17,cds_5y_usd,138.1800
2009-08-18,cds_5y_usd,132.1800
2009-08-19,cds_5y_usd,137.1800
2009-08-20,cds_5y_usd,131.3600
2009-08-21,cds_5y_usd,123.3600
2009-08-24,cds_5y_usd,122.1800
2009-08-25,cds_5y_usd,122.1800
2009-08-26,cds_5y_usd,130.1800
2009-08-27,cds_5y_usd,131.6800
2009-08-28,cds_5y_usd,131.1800
2009-08-31,cds_5y_usd,137.6800
2009-09-01,cds_5y_usd,143.1800
2009-09-02,cds_5y_usd,141.1800
2009-09-03,cds_5y_usd,135.1800
2009-09-04,cds_5y_usd,131.1800
2009-09-07,cds_5y_usd,131.3600
2009-09-08,cds_5y_usd,121.6800
2009-09-09,cds_5y_usd,122.6800
2009-09-10,cds_5y_usd,124.6800
2009-09-11,cds_5y_usd,123.6800
2009-09-14,cds_5y_usd,122.6800
2009-09-15,cds_5y_usd,117.6800
2009-09-16,cds_5y_usd,111.6800
2009-09-17,cds_5y_usd,115.6800
2009-09-18,cds_5y_usd,115.1800
2009-09-21,cds_5y_usd,121.2200
2009-09-22,cds_5y_usd,119.2600
2009-09-23,cds_5y_usd,119.7900
2009-09-24,cds_5y_usd,123.1600
2009-09-25,cds_5y_usd,130.8700
2009-09-28,cds_5y_usd,129.4200
2009-09-29,cds_5y_usd,127.3100
2009-09-30,cds_5y_usd,124.6200
2009-10-01,cds_5y_usd,128.6300
2009-10-02,cds_5y_usd,131.1600
2009-10-05,cds_5y_usd,119.5900
2009-10-06,cds_5y_usd,113.3700
2009-10-07,cds_5y_usd,117.8700
2009-10-08,cds_5y_usd,114.1700
2009-10-09,cds_5y_usd,112.7100
2009-10-12,cds_5y_usd,111.4200
2009-10-13,cds_5y_usd,113.2500
2009-10-14,cds_5y_usd,109.3200
2009-10-15,cds_5y_usd,113.3000
2009-10-16,cds_5y_usd,116.8200
2009-10-19,cds_5y_usd,112.8700
2009-10-20,cds_5y_usd,118.3900
2009-10-21,cds_5y_usd,121.9100
2009-10-22,cds_5y_usd,124.4300
2009-10-23,cds_5y_usd,127.4400
2009-10-26,cds_5y_usd,133.5000
2009-10-27,cds_5y_usd,138.9200
2009-10-28,cds_5y_usd,143.4200
2009-10-29,cds_5y_usd,133.4200
2009-10-30,cds_5y_usd,137.9200
2009-11-02,cds_5y_usd,135.4200
2009-11-03,cds_5y_usd,139.9200
2009-11-04,cds_5y_usd,136.4200
2009-11-05,cds_5y_usd,135.4200
2009-11-06,cds_5y_usd,133.8400
2009-11-09,cds_5y_usd,123.8400
2009-11-10,cds_5y_usd,119.9200
2009-11-11,cds_5y_usd,119.9200
2009-11-12,cds_5y_usd,122.4200
2009-11-13,cds_5y_usd,123.4200
2009-11-16,cds_5y_usd,118.4200
2009-11-17,cds_5y_usd,121.4200
2009-11-18,cds_5y_usd,119.4200
2009-11-19,cds_5y_usd,123.9200
2009-11-20,cds_5y_usd,121.4200
2009-11-23,cds_5y_usd,118.4200
2009-11-24,cds_5y_usd,119.9200
2009-11-25,cds_5y_usd,119.4200
2009-11-26,cds_5y_usd,118.8400
2009-11-27,cds_5y_usd,128.9200
2009-11-30,cds_5y_usd,129.4200
2009-12-01,cds_5y_usd,121.4200
2009-12-02,cds_5y_usd,120.9200
2009-12-03,cds_5y_usd,123.9200
2009-12-04,cds_5y_usd,122.9200
2009-12-07,cds_5y_usd,122.9200
2009-12-08,cds_5y_usd,124.9200
2009-12-09,cds_5y_usd,124.9200
2009-12-10,cds_5y_usd,125.4200
2009-12-11,cds_5y_usd,124.4200
2009-12-14,cds_5y_usd,121.9200
2009-12-15,cds_5y_usd,119.4200
2009-12-16,cds_5y_usd,118.9200
2009-12-17,cds_5y_usd,126.4200
2009-12-18,cds_5y_usd,127.8900
2009-12-21,cds_5y_usd,123.9100
2009-12-22,cds_5y_usd,121.4100
2009-12-23,cds_5y_usd,121.9100
2009-12-28,cds_5y_usd,122.8200
2009-12-29,cds_5y_usd,121.0600
2009-12-30,cds_5y_usd,122.0600
2010-01-04,cds_5y_usd,116.5600
2010-01-05,cds_5y_usd,116.0600
2010-01-06,cds_5y_usd,115.5600
2010-01-07,cds_5y_usd,117.0600
2010-01-08,cds_5y_usd,116.0600
2010-01-11,cds_5y_usd,114.5600
2010-01-12,cds_5y_usd,117.5600
2010-01-13,cds_5y_usd,121.0600
2010-01-14,cds_5y_usd,124.5600
2010-01-15,cds_5y_usd,129.0600
2010-01-18,cds_5y_usd,129.1200
2010-01-19,cds_5y_usd,126.0600
2010-01-20,cds_5y_usd,129.5600
2010-01-21,cds_5y_usd,132.5600
2010-01-22,cds_5y_usd,135.5600
2010-01-25,cds_5y_usd,134.0600
2010-01-26,cds_5y_usd,137.5600
2010-01-27,cds_5y_usd,138.5600
2010-01-28,cds_5y_usd,143.5600
2010-01-29,cds_5y_usd,143.5600
2010-02-01,cds_5y_usd,140.5600
2010-02-02,cds_5y_usd,137.1300
2010-02-03,cds_5y_usd,138.0600
2010-02-04,cds_5y_usd,146.5600
2010-02-05,cds_5y_usd,149.5600
2010-02-08,cds_5y_usd,152.5600
2010-02-09,cds_5y_usd,150.0600
2010-02-10,cds_5y_usd,147.5600
2010-02-11,cds_5y_usd,139.0600
2010-02-12,cds_5y_usd,140.0600
2010-02-15,cds_5y_usd,139.1300
2010-02-16,cds_5y_usd,137.0600
2010-02-17,cds_5y_usd,136.0600
2010-02-18,cds_5y_usd,137.1200
2010-02-19,cds_5y_usd,131.5600
2010-02-22,cds_5y_usd,129.5600
2010-02-23,cds_5y_usd,133.0600
2010-02-24,cds_5y_usd,133.0600
2010-02-25,cds_5y_usd,136.1300
2010-02-26,cds_5y_usd,129.0600
2010-03-01,cds_5y_usd,128.0600
2010-03-02,cds_5y_usd,126.0600
2010-03-03,cds_5y_usd,126.5600
2010-03-04,cds_5y_usd,125.0600
2010-03-05,cds_5y_usd,122.5600
2010-03-08,cds_5y_usd,117.0600
2010-03-09,cds_5y_usd,116.0600
2010-03-10,cds_5y_usd,115.5600
2010-03-11,cds_5y_usd,115.0600
2010-03-12,cds_5y_usd,115.5600
2010-03-15,cds_5y_usd,119.0600
2010-03-16,cds_5y_usd,116.5600
2010-03-17,cds_5y_usd,114.0600
2010-03-18,cds_5y_usd,115.0600
2010-03-19,cds_5y_usd,119.0600
2010-03-22,cds_5y_usd,125.0600
2010-03-23,cds_5y_usd,124.5600
2010-03-24,cds_5y_usd,125.5600
2010-03-25,cds_5y_usd,125.5600
2010-03-26,cds_5y_usd,127.0600
2010-03-29,cds_5y_usd,132.0600
2010-03-30,cds_5y_usd,131.0600
2010-03-31,cds_5y_usd,131.5600
2010-04-01,cds_5y_usd,125.5600
2010-04-02,cds_5y_usd,126.1300
2010-04-05,cds_5y_usd,119.5600
2010-04-06,cds_5y_usd,120.0600
2010-04-07,cds_5y_usd,124.0600
2010-04-08,cds_5y_usd,125.0600
2010-04-09,cds_5y_usd,125.0600
2010-04-12,cds_5y_usd,122.0600
2010-04-13,cds_5y_usd,121.2500
2010-04-14,cds_5y_usd,116.1400
2010-04-15,cds_5y_usd,111.6300
2010-04-16,cds_5y_usd,115.1200
2010-04-19,cds_5y_usd,115.0900
2010-04-20,cds_5y_usd,111.5800
2010-04-21,cds_5y_usd,112.0800
2010-04-22,cds_5y_usd,114.2700
2010-04-23,cds_5y_usd,116.6500
2010-04-26,cds_5y_usd,116.9100
2010-04-27,cds_5y_usd,122.7400
2010-04-28,cds_5y_usd,123.4000
2010-04-29,cds_5y_usd,120.0600
2010-04-30,cds_5y_usd,123.7200
2010-05-03,cds_5y_usd,121.0300
2010-05-04,cds_5y_usd,128.6900
2010-05-05,cds_5y_usd,135.3500
2010-05-06,cds_5y_usd,143.0200
2010-05-07,cds_5y_usd,156.0100
2010-05-10,cds_5y_usd,129.9900
2010-05-11,cds_5y_usd,125.6500
2010-05-12,cds_5y_usd,118.3000
2010-05-13,cds_5y_usd,117.9400
2010-05-14,cds_5y_usd,131.2900
2010-05-17,cds_5y_usd,133.9300
2010-05-18,cds_5y_usd,134.9300
2010-05-19,cds_5y_usd,146.2500
2010-05-20,cds_5y_usd,153.3700
2010-05-21,cds_5y_usd,147.9100
2010-05-24,cds_5y_usd,147.2300
2010-05-25,cds_5y_usd,156.5500
2010-05-26,cds_5y_usd,141.2100
2010-05-27,cds_5y_usd,134.2000
2010-05-28,cds_5y_usd,136.2000
2010-05-31,cds_5y_usd,136.3000
2010-06-01,cds_5y_usd,137.1700
2010-06-02,cds_5y_usd,135.8300
2010-06-03,cds_5y_usd,135.4900
2010-06-04,cds_5y_usd,143.1400
2010-06-07,cds_5y_usd,147.1200
2010-06-08,cds_5y_usd,153.1200
2010-06-09,cds_5y_usd,144.7400
2010-06-10,cds_5y_usd,140.9000
2010-06-11,cds_5y_usd,140.5700
2010-06-14,cds_5y_usd,135.7200
2010-06-15,cds_5y_usd,134.3900
2010-06-16,cds_5y_usd,136.0500
2010-06-17,cds_5y_usd,133.0500
2010-06-18,cds_5y_usd,127.3700
2010-06-21,cds_5y_usd,122.0400
2010-06-22,cds_5y_usd,128.3600
2010-06-23,cds_5y_usd,129.0200
2010-06-24,cds_5y_usd,134.3500
2010-06-25,cds_5y_usd,132.3500
2010-06-28,cds_5y_usd,128.8400
2010-06-29,cds_5y_usd,138.5000
2010-06-30,cds_5y_usd,137.1600
2010-07-01,cds_5y_usd,143.9900
2010-07-02,cds_5y_usd,140.8200
2010-07-05,cds_5y_usd,140.2400
2010-07-06,cds_5y_usd,137.3100
2010-07-07,cds_5y_usd,137.6400
2010-07-08,cds_5y_usd,132.9500
2010-07-09,cds_5y_usd,129.3000
2010-07-12,cds_5y_usd,127.6200
2010-07-13,cds_5y_usd,121.2800
2010-07-14,cds_5y_usd,123.6100
2010-07-15,cds_5y_usd,124.6100
2010-07-16,cds_5y_usd,125.6100
2010-07-19,cds_5y_usd,126.9300
2010-07-20,cds_5y_usd,125.9300
2010-07-21,cds_5y_usd,122.9200
2010-07-22,cds_5y_usd,120.2500
2010-07-23,cds_5y_usd,120.0800
2010-07-26,cds_5y_usd,116.4100
2010-07-27,cds_5y_usd,116.0700
2010-07-28,cds_5y_usd,118.7300
2010-07-29,cds_5y_usd,116.3900
2010-07-30,cds_5y_usd,117.0600
2010-08-02,cds_5y_usd,113.7100
2010-08-03,cds_5y_usd,114.3800
2010-08-04,cds_5y_usd,115.3700
2010-08-05,cds_5y_usd,116.1800
2010-08-06,cds_5y_usd,115.5100
2010-08-09,cds_5y_usd,113.4900
2010-08-10,cds_5y_usd,113.1500
2010-08-11,cds_5y_usd,114.8100
2010-08-12,cds_5y_usd,117.1300
2010-08-13,cds_5y_usd,117.7900
2010-08-16,cds_5y_usd,119.1100
2010-08-17,cds_5y_usd,115.1000
2010-08-18,cds_5y_usd,116.7600
2010-08-19,cds_5y_usd,117.6300
2010-08-20,cds_5y_usd,120.9100
2010-08-23,cds_5y_usd,119.5600
2010-08-24,cds_5y_usd,123.2200
2010-08-25,cds_5y_usd,124.5400
2010-08-26,cds_5y_usd,126.2000
2010-08-27,cds_5y_usd,128.7000
2010-08-30,cds_5y_usd,129.6800
2010-08-31,cds_5y_usd,132.0000
2010-09-01,cds_5y_usd,125.0000
2010-09-02,cds_5y_usd,122.9900
2010-09-03,cds_5y_usd,118.3200
2010-09-06,cds_5y_usd,117.9800
2010-09-07,cds_5y_usd,122.2900
2010-09-08,cds_5y_usd,125.9500
2010-09-09,cds_5y_usd,125.2700
2010-09-10,cds_5y_usd,125.2700
2010-09-13,cds_5y_usd,120.9100
2010-09-14,cds_5y_usd,119.2400
2010-09-15,cds_5y_usd,118.5700
2010-09-16,cds_5y_usd,115.8900
2010-09-17,cds_5y_usd,118.2200
2010-09-20,cds_5y_usd,119.1400
2010-09-21,cds_5y_usd,119.1400
2010-09-22,cds_5y_usd,117.4600
2010-09-23,cds_5y_usd,119.1200
2010-09-24,cds_5y_usd,117.6800
2010-09-27,cds_5y_usd,115.7700
2010-09-28,cds_5y_usd,114.7600
2010-09-29,cds_5y_usd,113.7500
2010-09-30,cds_5y_usd,115.4100
2010-10-01,cds_5y_usd,113.4100
2010-10-04,cds_5y_usd,112.7200
2010-10-05,cds_5y_usd,108.3800
2010-10-06,cds_5y_usd,106.3700
2010-10-07,cds_5y_usd,105.7000
2010-10-08,cds_5y_usd,99.6900
2010-10-11,cds_5y_usd,99.6900
2010-10-12,cds_5y_usd,96.8300
2010-10-13,cds_5y_usd,91.1600
2010-10-14,cds_5y_usd,92.1500
2010-10-15,cds_5y_usd,94.1500
2010-10-18,cds_5y_usd,98.7900
2010-10-19,cds_5y_usd,102.4500
2010-10-20,cds_5y_usd,101.4500
2010-10-21,cds_5y_usd,101.4400
2010-10-22,cds_5y_usd,100.1000
2010-10-25,cds_5y_usd,98.0800
2010-10-26,cds_5y_usd,98.7400
2010-10-27,cds_5y_usd,99.5000
2010-10-28,cds_5y_usd,99.4900
2010-10-29,cds_5y_usd,100.1500
2010-11-01,cds_5y_usd,99.6300
2010-11-02,cds_5y_usd,97.9600
2010-11-03,cds_5y_usd,96.2900
2010-11-04,cds_5y_usd,93.9500
2010-11-05,cds_5y_usd,92.6100
2010-11-08,cds_5y_usd,96.5900
2010-11-09,cds_5y_usd,97.9100
2010-11-10,cds_5y_usd,102.2400
2010-11-11,cds_5y_usd,101.0700
2010-11-12,cds_5y_usd,104.3900
2010-11-15,cds_5y_usd,102.7100
2010-11-16,cds_5y_usd,110.0300
2010-11-17,cds_5y_usd,109.0300
2010-11-18,cds_5y_usd,106.6900
2010-11-19,cds_5y_usd,107.7700
2010-11-22,cds_5y_usd,109.6600
2010-11-23,cds_5y_usd,114.6500
2010-11-24,cds_5y_usd,112.9800
2010-11-25,cds_5y_usd,112.9700
2010-11-26,cds_5y_usd,115.4500
2010-11-29,cds_5y_usd,119.3400
2010-11-30,cds_5y_usd,122.3200
2010-12-01,cds_5y_usd,118.1500
2010-12-02,cds_5y_usd,112.2600
2010-12-03,cds_5y_usd,111.2500
2010-12-06,cds_5y_usd,106.5600
2010-12-07,cds_5y_usd,105.5600
2010-12-08,cds_5y_usd,108.5500
2010-12-09,cds_5y_usd,110.2100
2010-12-10,cds_5y_usd,110.8700
2010-12-13,cds_5y_usd,110.5100
2010-12-14,cds_5y_usd,111.5100
2010-12-15,cds_5y_usd,114.1700
2010-12-16,cds_5y_usd,115.4900
2010-12-17,cds_5y_usd,114.4900
2010-12-20,cds_5y_usd,117.4100
2010-12-21,cds_5y_usd,115.7400
2010-12-22,cds_5y_usd,114.7300
2010-12-23,cds_5y_usd,115.4000
2010-12-24,cds_5y_usd,113.7000
2010-12-27,cds_5y_usd,116.0600
2010-12-28,cds_5y_usd,116.0600
2010-12-29,cds_5y_usd,114.0200
2010-12-30,cds_5y_usd,113.3500
2010-12-31,cds_5y_usd,109.5300
2011-01-03,cds_5y_usd,106.7300
2011-01-04,cds_5y_usd,105.3100
2011-01-05,cds_5y_usd,105.9700
2011-01-06,cds_5y_usd,106.6300
2011-01-07,cds_5y_usd,110.2900
2011-01-10,cds_5y_usd,112.2700
2011-01-11,cds_5y_usd,108.9300
2011-01-12,cds_5y_usd,106.4300
2011-01-13,cds_5y_usd,107.0900
2011-01-14,cds_5y_usd,107.0800
2011-01-17,cds_5y_usd,107.1200
2011-01-18,cds_5y_usd,105.8400
2011-01-19,cds_5y_usd,109.2200
2011-01-20,cds_5y_usd,110.2100
2011-01-21,cds_5y_usd,108.5400
2011-01-24,cds_5y_usd,108.1900
2011-01-25,cds_5y_usd,109.5700
2011-01-26,cds_5y_usd,109.7300
2011-01-27,cds_5y_usd,110.7200
2011-01-28,cds_5y_usd,120.8800
2011-01-31,cds_5y_usd,118.3600
2011-02-01,cds_5y_usd,115.0200
2011-02-02,cds_5y_usd,114.6800
2011-02-03,cds_5y_usd,114.6600
2011-02-04,cds_5y_usd,113.3200
2011-02-07,cds_5y_usd,113.3000
2011-02-08,cds_5y_usd,114.6300
2011-02-09,cds_5y_usd,118.6200
2011-02-10,cds_5y_usd,119.4400
2011-02-11,cds_5y_usd,121.4400
2011-02-14,cds_5y_usd,123.4100
2011-02-15,cds_5y_usd,119.7800
2011-02-16,cds_5y_usd,118.1600
2011-02-17,cds_5y_usd,115.1800
2011-02-18,cds_5y_usd,114.6800
2011-02-21,cds_5y_usd,114.7400
2011-02-22,cds_5y_usd,118.9000
2011-02-23,cds_5y_usd,120.0300
2011-02-24,cds_5y_usd,120.5300
2011-02-25,cds_5y_usd,117.7900
2011-02-28,cds_5y_usd,117.2900
2011-03-01,cds_5y_usd,118.6600
2011-03-02,cds_5y_usd,118.6700
2011-03-03,cds_5y_usd,114.1800
2011-03-04,cds_5y_usd,114.8000
2011-03-07,cds_5y_usd,113.9100
2011-03-08,cds_5y_usd,111.9400
2011-03-09,cds_5y_usd,111.3200
2011-03-10,cds_5y_usd,112.5700
2011-03-11,cds_5y_usd,113.4400
2011-03-14,cds_5y_usd,115.8000
2011-03-15,cds_5y_usd,118.0500
2011-03-16,cds_5y_usd,120.0400
2011-03-17,cds_5y_usd,117.5500
2011-03-18,cds_5y_usd,116.1800
2011-03-21,cds_5y_usd,114.8900
2011-03-22,cds_5y_usd,114.8800
2011-03-23,cds_5y_usd,116.0000
2011-03-24,cds_5y_usd,114.5500
2011-03-25,cds_5y_usd,113.6800
2011-03-28,cds_5y_usd,114.3200
2011-03-29,cds_5y_usd,114.0100
2011-03-30,cds_5y_usd,111.9000
2011-03-31,cds_5y_usd,111.4000
2011-04-01,cds_5y_usd,108.3100
2011-04-04,cds_5y_usd,109.2900
2011-04-05,cds_5y_usd,108.0500
2011-04-06,cds_5y_usd,106.1900
2011-04-07,cds_5y_usd,106.9300
2011-04-08,cds_5y_usd,103.2200
2011-04-11,cds_5y_usd,104.2000
2011-04-12,cds_5y_usd,106.1800
2011-04-13,cds_5y_usd,105.9300
2011-04-14,cds_5y_usd,107.4300
2011-04-15,cds_5y_usd,106.6800
2011-04-18,cds_5y_usd,110.5300
2011-04-19,cds_5y_usd,109.0400
2011-04-20,cds_5y_usd,109.2900
2011-04-21,cds_5y_usd,108.5500
2011-04-22,cds_5y_usd,108.4000
2011-04-25,cds_5y_usd,108.0600
2011-04-26,cds_5y_usd,107.5600
2011-04-27,cds_5y_usd,107.0700
2011-04-28,cds_5y_usd,106.8200
2011-04-29,cds_5y_usd,105.8300
2011-05-02,cds_5y_usd,105.0900
2011-05-03,cds_5y_usd,103.8500
2011-05-04,cds_5y_usd,104.2100
2011-05-05,cds_5y_usd,104.5900
2011-05-06,cds_5y_usd,103.8300
2011-05-09,cds_5y_usd,105.3400
2011-05-10,cds_5y_usd,103.8500
2011-05-11,cds_5y_usd,103.6000
2011-05-12,cds_5y_usd,103.8500
2011-05-13,cds_5y_usd,102.3600
2011-05-16,cds_5y_usd,101.1300
2011-05-17,cds_5y_usd,101.3900
2011-05-18,cds_5y_usd,100.2400
2011-05-19,cds_5y_usd,99.8600
2011-05-20,cds_5y_usd,101.3600
2011-05-23,cds_5y_usd,103.3700
2011-05-24,cds_5y_usd,103.3400
2011-05-25,cds_5y_usd,104.5900
2011-05-26,cds_5y_usd,105.8300
2011-05-27,cds_5y_usd,106.3300
2011-05-30,cds_5y_usd,106.1100
2011-05-31,cds_5y_usd,104.5900
2011-06-01,cds_5y_usd,104.8400
2011-06-02,cds_5y_usd,106.3300
2011-06-03,cds_5y_usd,107.3200
2011-06-06,cds_5y_usd,108.9500
2011-06-07,cds_5y_usd,108.4500
2011-06-08,cds_5y_usd,109.9400
2011-06-09,cds_5y_usd,109.9500
2011-06-10,cds_5y_usd,112.0600
2011-06-13,cds_5y_usd,112.2900
2011-06-14,cds_5y_usd,110.0700
2011-06-15,cds_5y_usd,110.8200
2011-06-16,cds_5y_usd,114.5500
2011-06-17,cds_5y_usd,113.5600
2011-06-20,cds_5y_usd,115.4500
2011-06-21,cds_5y_usd,113.4300
2011-06-22,cds_5y_usd,113.6400
2011-06-23,cds_5y_usd,116.6000
2011-06-24,cds_5y_usd,116.3500
2011-06-27,cds_5y_usd,117.6100
2011-06-28,cds_5y_usd,116.1400
2011-06-29,cds_5y_usd,113.6600
2011-06-30,cds_5y_usd,111.2000
2011-07-01,cds_5y_usd,109.9700
2011-07-04,cds_5y_usd,110.2900
2011-07-05,cds_5y_usd,108.4800
2011-07-06,cds_5y_usd,109.1600
2011-07-07,cds_5y_usd,106.1800
2011-07-08,cds_5y_usd,108.9000
2011-07-11,cds_5y_usd,111.8800
2011-07-12,cds_5y_usd,114.3600
2011-07-13,cds_5y_usd,114.3600
2011-07-14,cds_5y_usd,115.3600
2011-07-15,cds_5y_usd,115.8500
2011-07-18,cds_5y_usd,119.5000
2011-07-19,cds_5y_usd,117.1500
2011-07-20,cds_5y_usd,116.4200
2011-07-21,cds_5y_usd,113.6800
2011-07-22,cds_5y_usd,112.5500
2011-07-25,cds_5y_usd,114.0500
2011-07-26,cds_5y_usd,113.8000
2011-07-27,cds_5y_usd,114.6600
2011-07-28,cds_5y_usd,113.6600
2011-07-29,cds_5y_usd,113.7900
2011-08-01,cds_5y_usd,111.5500
2011-08-02,cds_5y_usd,112.2900
2011-08-03,cds_5y_usd,114.0400
2011-08-04,cds_5y_usd,123.2300
2011-08-05,cds_5y_usd,127.8800
2011-08-08,cds_5y_usd,149.1900
2011-08-09,cds_5y_usd,155.6800
2011-08-10,cds_5y_usd,153.7300
2011-08-11,cds_5y_usd,161.6600
2011-08-12,cds_5y_usd,150.6700
2011-08-15,cds_5y_usd,144.7100
2011-08-16,cds_5y_usd,142.9500
2011-08-17,cds_5y_usd,139.2100
2011-08-18,cds_5y_usd,145.6900
2011-08-19,cds_5y_usd,146.5700
2011-08-22,cds_5y_usd,150.8000
2011-08-23,cds_5y_usd,157.5500
2011-08-24,cds_5y_usd,158.4200
2011-08-25,cds_5y_usd,156.5200
2011-08-26,cds_5y_usd,157.7700
2011-08-29,cds_5y_usd,155.4900
2011-08-30,cds_5y_usd,153.4900
2011-08-31,cds_5y_usd,146.2300
2011-09-01,cds_5y_usd,147.6000
2011-09-02,cds_5y_usd,153.3400
2011-09-05,cds_5y_usd,152.9500
2011-09-06,cds_5y_usd,157.4200
2011-09-07,cds_5y_usd,150.3200
2011-09-08,cds_5y_usd,153.6800
2011-09-09,cds_5y_usd,164.5100
2011-09-12,cds_5y_usd,172.5100
2011-09-13,cds_5y_usd,170.2500
2011-09-14,cds_5y_usd,171.2700
2011-09-15,cds_5y_usd,166.0400
2011-09-16,cds_5y_usd,162.1600
2011-09-19,cds_5y_usd,165.1600
2011-09-20,cds_5y_usd,171.8700
2011-09-21,cds_5y_usd,184.1900
2011-09-22,cds_5y_usd,202.3500
2011-09-23,cds_5y_usd,196.3400
2011-09-26,cds_5y_usd,188.6200
2011-09-27,cds_5y_usd,176.5600
2011-09-28,cds_5y_usd,183.2800
2011-09-29,cds_5y_usd,185.2800
2011-09-30,cds_5y_usd,194.1100
2011-10-03,cds_5y_usd,201.3100
2011-10-04,cds_5y_usd,206.6200
2011-10-05,cds_5y_usd,197.0300
2011-10-06,cds_5y_usd,187.4500
2011-10-07,cds_5y_usd,179.9700
2011-10-10,cds_5y_usd,179.9700
2011-10-11,cds_5y_usd,173.2700
2011-10-12,cds_5y_usd,152.1000
2011-10-13,cds_5y_usd,156.5700
2011-10-14,cds_5y_usd,151.1200
2011-10-17,cds_5y_usd,155.0900
2011-10-18,cds_5y_usd,154.3800
2011-10-19,cds_5y_usd,151.8600
2011-10-20,cds_5y_usd,161.0900
2011-10-21,cds_5y_usd,157.1000
2011-10-24,cds_5y_usd,155.8700
2011-10-25,cds_5y_usd,156.8400
2011-10-26,cds_5y_usd,154.9100
2011-10-27,cds_5y_usd,139.7100
2011-10-28,cds_5y_usd,137.9500
2011-10-31,cds_5y_usd,142.4500
2011-11-01,cds_5y_usd,151.2800
2011-11-02,cds_5y_usd,150.3000
2011-11-03,cds_5y_usd,143.9700
2011-11-04,cds_5y_usd,145.9300
2011-11-07,cds_5y_usd,145.9600
2011-11-08,cds_5y_usd,144.4700
2011-11-09,cds_5y_usd,155.7200
2011-11-10,cds_5y_usd,156.7500
2011-11-11,cds_5y_usd,156.7500
2011-11-14,cds_5y_usd,156.7600
2011-11-15,cds_5y_usd,163.1900
2011-11-16,cds_5y_usd,163.2800
2011-11-17,cds_5y_usd,173.7400
2011-11-18,cds_5y_usd,174.1300
2011-11-21,cds_5y_usd,183.3600
2011-11-22,cds_5y_usd,178.3700
2011-11-23,cds_5y_usd,186.3100
2011-11-24,cds_5y_usd,184.5800
2011-11-25,cds_5y_usd,189.3000
2011-11-28,cds_5y_usd,177.6200
2011-11-29,cds_5y_usd,177.3900
2011-11-30,cds_5y_usd,162.6500
2011-12-01,cds_5y_usd,160.6800
2011-12-02,cds_5y_usd,156.8300
2011-12-05,cds_5y_usd,146.3900
2011-12-06,cds_5y_usd,146.1700
2011-12-07,cds_5y_usd,143.9400
2011-12-08,cds_5y_usd,147.1200
2011-12-09,cds_5y_usd,147.6600
2011-12-12,cds_5y_usd,150.1400
2011-12-13,cds_5y_usd,150.8800
2011-12-14,cds_5y_usd,157.8400
2011-12-15,cds_5y_usd,160.5800
2011-12-16,cds_5y_usd,160.4300
2011-12-19,cds_5y_usd,163.3400
2011-12-20,cds_5y_usd,159.9900
2011-12-21,cds_5y_usd,162.2400
2011-12-22,cds_5y_usd,159.0000
2011-12-23,cds_5y_usd,159.2600
2011-12-26,cds_5y_usd,158.3500
2011-12-27,cds_5y_usd,158.9400
2011-12-28,cds_5y_usd,160.8800
2011-12-29,cds_5y_usd,159.9100
2011-12-30,cds_5y_usd,159.4200
2012-01-02,cds_5y_usd,158.4000
2012-01-03,cds_5y_usd,156.3500
2012-01-04,cds_5y_usd,157.0800
2012-01-05,cds_5y_usd,159.5600
2012-01-06,cds_5y_usd,158.8400
2012-01-09,cds_5y_usd,160.8400
2012-01-10,cds_5y_usd,157.3800
2012-01-11,cds_5y_usd,159.3600
2012-01-12,cds_5y_usd,157.9000
2012-01-13,cds_5y_usd,161.1100
2012-01-16,cds_5y_usd,159.9800
2012-01-17,cds_5y_usd,160.5300
2012-01-18,cds_5y_usd,158.8200
2012-01-19,cds_5y_usd,153.8400
2012-01-20,cds_5y_usd,152.8600
2012-01-23,cds_5y_usd,150.1400
2012-01-24,cds_5y_usd,150.3700
2012-01-25,cds_5y_usd,149.8700
2012-01-26,cds_5y_usd,144.0300
2012-01-27,cds_5y_usd,145.3100
2012-01-30,cds_5y_usd,145.3200
2012-01-31,cds_5y_usd,145.0700
2012-02-01,cds_5y_usd,139.9700
2012-02-02,cds_5y_usd,141.2300
2012-02-03,cds_5y_usd,137.0000
2012-02-06,cds_5y_usd,137.3900
2012-02-07,cds_5y_usd,136.6500
2012-02-08,cds_5y_usd,136.6500
2012-02-09,cds_5y_usd,136.6600
2012-02-10,cds_5y_usd,139.6400
2012-02-13,cds_5y_usd,138.4100
2012-02-14,cds_5y_usd,138.4000
2012-02-15,cds_5y_usd,138.6500
2012-02-16,cds_5y_usd,139.5500
2012-02-17,cds_5y_usd,136.4300
2012-02-20,cds_5y_usd,135.9100
2012-02-21,cds_5y_usd,135.4500
2012-02-22,cds_5y_usd,136.1900
2012-02-23,cds_5y_usd,135.9500
2012-02-24,cds_5y_usd,135.5700
2012-02-27,cds_5y_usd,136.5800
2012-02-28,cds_5y_usd,136.7200
2012-02-29,cds_5y_usd,138.7000
2012-03-01,cds_5y_usd,135.2400
2012-03-02,cds_5y_usd,132.5000
2012-03-05,cds_5y_usd,131.5100
2012-03-06,cds_5y_usd,138.6000
2012-03-07,cds_5y_usd,136.8800
2012-03-08,cds_5y_usd,133.0400
2012-03-09,cds_5y_usd,130.5400
2012-03-12,cds_5y_usd,129.8200
2012-03-13,cds_5y_usd,123.8300
2012-03-14,cds_5y_usd,122.1000
2012-03-15,cds_5y_usd,121.8600
2012-03-16,cds_5y_usd,120.5000
2012-03-19,cds_5y_usd,114.5400
2012-03-20,cds_5y_usd,113.9100
2012-03-21,cds_5y_usd,114.9000
2012-03-22,cds_5y_usd,118.8900
2012-03-23,cds_5y_usd,119.7700
2012-03-26,cds_5y_usd,116.1800
2012-03-27,cds_5y_usd,117.9100
2012-03-28,cds_5y_usd,119.6700
2012-03-29,cds_5y_usd,122.1700
2012-03-30,cds_5y_usd,120.6800
2012-04-02,cds_5y_usd,119.8100
2012-04-03,cds_5y_usd,118.5900
2012-04-04,cds_5y_usd,121.4400
2012-04-05,cds_5y_usd,122.9300
2012-04-06,cds_5y_usd,123.6400
2012-04-09,cds_5y_usd,128.0500
2012-04-10,cds_5y_usd,133.0200
2012-04-11,cds_5y_usd,131.0500
2012-04-12,cds_5y_usd,128.3300
2012-04-13,cds_5y_usd,129.6800
2012-04-16,cds_5y_usd,130.7000
2012-04-17,cds_5y_usd,127.9700
2012-04-18,cds_5y_usd,128.7200
2012-04-19,cds_5y_usd,128.4800
2012-04-20,cds_5y_usd,125.9900
2012-04-23,cds_5y_usd,127.5000
2012-04-24,cds_5y_usd,126.2500
2012-04-25,cds_5y_usd,124.7700
2012-04-26,cds_5y_usd,123.5400
2012-04-27,cds_5y_usd,122.7900
2012-04-30,cds_5y_usd,123.7900
2012-05-01,cds_5y_usd,122.5600
2012-05-02,cds_5y_usd,121.3200
2012-05-03,cds_5y_usd,119.5800
2012-05-04,cds_5y_usd,121.8200
2012-05-07,cds_5y_usd,121.8300
2012-05-08,cds_5y_usd,125.7000
2012-05-09,cds_5y_usd,130.3900
2012-05-10,cds_5y_usd,129.7100
2012-05-11,cds_5y_usd,130.1700
2012-05-14,cds_5y_usd,137.0000
2012-05-15,cds_5y_usd,143.4900
2012-05-16,cds_5y_usd,146.4800
2012-05-17,cds_5y_usd,152.1400
2012-05-18,cds_5y_usd,150.4600
2012-05-21,cds_5y_usd,148.9500
2012-05-22,cds_5y_usd,146.7600
2012-05-23,cds_5y_usd,160.9100
2012-05-24,cds_5y_usd,157.1700
2012-05-25,cds_5y_usd,160.0600
2012-05-28,cds_5y_usd,161.6900
2012-05-29,cds_5y_usd,157.3500
2012-05-30,cds_5y_usd,162.6800
2012-05-31,cds_5y_usd,166.6700
2012-06-01,cds_5y_usd,170.3200
2012-06-04,cds_5y_usd,168.9600
2012-06-05,cds_5y_usd,166.6200
2012-06-06,cds_5y_usd,161.9700
2012-06-07,cds_5y_usd,161.2000
2012-06-08,cds_5y_usd,162.4600
2012-06-11,cds_5y_usd,163.9600
2012-06-12,cds_5y_usd,161.2800
2012-06-13,cds_5y_usd,158.5000
2012-06-14,cds_5y_usd,154.4300
2012-06-15,cds_5y_usd,151.4300
2012-06-18,cds_5y_usd,151.9500
2012-06-19,cds_5y_usd,145.7000
2012-06-20,cds_5y_usd,143.4000
2012-06-21,cds_5y_usd,148.2800
2012-06-22,cds_5y_usd,149.1100
2012-06-25,cds_5y_usd,154.2200
2012-06-26,cds_5y_usd,156.5000
2012-06-27,cds_5y_usd,153.2500
2012-06-28,cds_5y_usd,160.7200
2012-06-29,cds_5y_usd,152.4300
2012-07-02,cds_5y_usd,147.6200
2012-07-03,cds_5y_usd,144.6500
2012-07-04,cds_5y_usd,142.0500
2012-07-05,cds_5y_usd,147.4100
2012-07-06,cds_5y_usd,151.1300
2012-07-09,cds_5y_usd,153.9100
2012-07-10,cds_5y_usd,152.8200
2012-07-11,cds_5y_usd,149.4700
2012-07-12,cds_5y_usd,145.7500
2012-07-13,cds_5y_usd,143.1800
2012-07-16,cds_5y_usd,141.9700
2012-07-17,cds_5y_usd,137.4400
2012-07-18,cds_5y_usd,139.9000
2012-07-19,cds_5y_usd,139.6800
2012-07-20,cds_5y_usd,140.4300
2012-07-23,cds_5y_usd,148.0700
2012-07-24,cds_5y_usd,150.5500
2012-07-25,cds_5y_usd,150.3300
2012-07-26,cds_5y_usd,143.2700
2012-07-27,cds_5y_usd,137.5700
2012-07-30,cds_5y_usd,135.3700
2012-07-31,cds_5y_usd,134.3800
2012-08-01,cds_5y_usd,131.4100
2012-08-02,cds_5y_usd,133.1500
2012-08-03,cds_5y_usd,128.4500
2012-08-06,cds_5y_usd,126.5100
2012-08-07,cds_5y_usd,125.2800
2012-08-08,cds_5y_usd,126.1700
2012-08-09,cds_5y_usd,127.6700
2012-08-10,cds_5y_usd,127.8100
2012-08-13,cds_5y_usd,128.2100
2012-08-14,cds_5y_usd,127.7300
2012-08-15,cds_5y_usd,127.7500
2012-08-16,cds_5y_usd,129.2500
2012-08-17,cds_5y_usd,129.3900
2012-08-20,cds_5y_usd,129.1700
2012-08-21,cds_5y_usd,125.9500
2012-08-22,cds_5y_usd,126.9500
2012-08-23,cds_5y_usd,128.3300
2012-08-24,cds_5y_usd,130.4700
2012-08-27,cds_5y_usd,129.2600
2012-08-28,cds_5y_usd,129.5200
2012-08-29,cds_5y_usd,130.7800
2012-08-30,cds_5y_usd,132.6500
2012-08-31,cds_5y_usd,130.0600
2012-09-03,cds_5y_usd,130.7500
2012-09-04,cds_5y_usd,128.8700
2012-09-05,cds_5y_usd,127.6400
2012-09-06,cds_5y_usd,123.5600
2012-09-07,cds_5y_usd,123.7700
2012-09-10,cds_5y_usd,123.4700
2012-09-11,cds_5y_usd,120.2600
2012-09-12,cds_5y_usd,118.2900
2012-09-13,cds_5y_usd,110.0900
2012-09-14,cds_5y_usd,100.5000
2012-09-17,cds_5y_usd,100.2300
2012-09-18,cds_5y_usd,99.2300
2012-09-19,cds_5y_usd,100.0800
2012-09-20,cds_5y_usd,102.8200
2012-09-21,cds_5y_usd,101.8400
2012-09-24,cds_5y_usd,105.2700
2012-09-25,cds_5y_usd,109.5800
2012-09-26,cds_5y_usd,118.4400
2012-09-27,cds_5y_usd,111.2600
2012-09-28,cds_5y_usd,116.4900
2012-10-01,cds_5y_usd,116.7700
2012-10-02,cds_5y_usd,118.5300
2012-10-03,cds_5y_usd,117.7900
2012-10-04,cds_5y_usd,116.8100
2012-10-05,cds_5y_usd,108.1100
2012-10-08,cds_5y_usd,108.1100
2012-10-09,cds_5y_usd,112.9700
2012-10-10,cds_5y_usd,119.7800
2012-10-11,cds_5y_usd,117.0300
2012-10-12,cds_5y_usd,109.9100
2012-10-15,cds_5y_usd,109.6300
2012-10-16,cds_5y_usd,108.6600
2012-10-17,cds_5y_usd,107.4100
2012-10-18,cds_5y_usd,107.7700
2012-10-19,cds_5y_usd,108.4500
2012-10-22,cds_5y_usd,108.6600
2012-10-23,cds_5y_usd,109.5000
2012-10-24,cds_5y_usd,109.5000
2012-10-25,cds_5y_usd,106.5800
2012-10-26,cds_5y_usd,109.9200
2012-10-29,cds_5y_usd,109.6400
2012-10-30,cds_5y_usd,109.2300
2012-10-31,cds_5y_usd,110.3300
2012-11-01,cds_5y_usd,109.0200
2012-11-02,cds_5y_usd,107.3900
2012-11-05,cds_5y_usd,105.7900
2012-11-06,cds_5y_usd,101.8200
2012-11-07,cds_5y_usd,100.3600
2012-11-08,cds_5y_usd,101.2000
2012-11-09,cds_5y_usd,101.8900
2012-11-12,cds_5y_usd,101.8900
2012-11-13,cds_5y_usd,101.2800
2012-11-14,cds_5y_usd,103.2700
2012-11-15,cds_5y_usd,107.2500
2012-11-16,cds_5y_usd,107.7700
2012-11-19,cds_5y_usd,103.3500
2012-11-20,cds_5y_usd,103.0400
2012-11-21,cds_5y_usd,103.7100
2012-11-22,cds_5y_usd,103.3200
2012-11-23,cds_5y_usd,103.0800
2012-11-26,cds_5y_usd,106.1000
2012-11-27,cds_5y_usd,107.4200
2012-11-28,cds_5y_usd,107.6200
2012-11-29,cds_5y_usd,105.6500
2012-11-30,cds_5y_usd,109.4500
2012-12-03,cds_5y_usd,109.8400
2012-12-04,cds_5y_usd,109.5200
2012-12-05,cds_5y_usd,108.0400
2012-12-06,cds_5y_usd,106.7400
2012-12-07,cds_5y_usd,109.0600
2012-12-10,cds_5y_usd,109.9300
2012-12-11,cds_5y_usd,108.3000
2012-12-12,cds_5y_usd,107.6500
2012-12-13,cds_5y_usd,106.3600
2012-12-14,cds_5y_usd,106.8600
2012-12-17,cds_5y_usd,104.9300
2012-12-18,cds_5y_usd,101.3100
2012-12-19,cds_5y_usd,100.3300
2012-12-20,cds_5y_usd,101.6900
2012-12-21,cds_5y_usd,104.6700
2012-12-24,cds_5y_usd,104.7200
2012-12-25,cds_5y_usd,103.0800
2012-12-26,cds_5y_usd,106.3900
2012-12-27,cds_5y_usd,106.7400
2012-12-28,cds_5y_usd,107.7500
2012-12-31,cds_5y_usd,107.4200
2013-01-01,cds_5y_usd,106.6300
2013-01-02,cds_5y_usd,102.2100
2013-01-03,cds_5y_usd,100.2400
2013-01-04,cds_5y_usd,100.4500
2013-01-07,cds_5y_usd,102.4800
2013-01-08,cds_5y_usd,105.1300
2013-01-09,cds_5y_usd,106.6300
2013-01-10,cds_5y_usd,109.2800
2013-01-11,cds_5y_usd,111.9500
2013-01-14,cds_5y_usd,117.4900
2013-01-15,cds_5y_usd,117.2600
2013-01-16,cds_5y_usd,116.0300
2013-01-17,cds_5y_usd,108.0700
2013-01-18,cds_5y_usd,108.2500
2013-01-21,cds_5y_usd,107.8800
2013-01-22,cds_5y_usd,107.6500
2013-01-23,cds_5y_usd,107.1700
2013-01-24,cds_5y_usd,106.3500
2013-01-25,cds_5y_usd,106.5300
2013-01-28,cds_5y_usd,108.2300
2013-01-29,cds_5y_usd,108.7500
2013-01-30,cds_5y_usd,112.7000
2013-01-31,cds_5y_usd,121.0100
2013-02-01,cds_5y_usd,120.4000
2013-02-04,cds_5y_usd,122.9100
2013-02-05,cds_5y_usd,122.4100
2013-02-06,cds_5y_usd,123.0400
2013-02-07,cds_5y_usd,122.4400
2013-02-08,cds_5y_usd,121.6900
2013-02-11,cds_5y_usd,121.9900
2013-02-12,cds_5y_usd,122.4900
2013-02-13,cds_5y_usd,122.5000
2013-02-14,cds_5y_usd,122.6400
2013-02-15,cds_5y_usd,123.6400
2013-02-18,cds_5y_usd,124.5300
2013-02-19,cds_5y_usd,124.1700
2013-02-20,cds_5y_usd,127.5300
2013-02-21,cds_5y_usd,127.5400
2013-02-22,cds_5y_usd,127.4200
2013-02-25,cds_5y_usd,128.5700
2013-02-26,cds_5y_usd,130.8400
2013-02-27,cds_5y_usd,129.8600
2013-02-28,cds_5y_usd,132.3400
2013-03-01,cds_5y_usd,134.5800
2013-03-04,cds_5y_usd,134.0000
2013-03-05,cds_5y_usd,128.8000
2013-03-06,cds_5y_usd,127.3300
2013-03-07,cds_5y_usd,126.2300
2013-03-08,cds_5y_usd,124.9800
2013-03-11,cds_5y_usd,123.6700
2013-03-12,cds_5y_usd,126.5300
2013-03-13,cds_5y_usd,127.2800
2013-03-14,cds_5y_usd,128.5300
2013-03-15,cds_5y_usd,130.2600
2013-03-18,cds_5y_usd,131.1600
2013-03-19,cds_5y_usd,132.4100
2013-03-20,cds_5y_usd,131.5700
2013-03-21,cds_5y_usd,135.5100
2013-03-22,cds_5y_usd,137.8900
2013-03-25,cds_5y_usd,134.6900
2013-03-26,cds_5y_usd,135.4500
2013-03-27,cds_5y_usd,137.6600
2013-03-28,cds_5y_usd,136.1900
2013-03-29,cds_5y_usd,135.4200
2013-04-01,cds_5y_usd,136.3400
2013-04-02,cds_5y_usd,135.8500
2013-04-03,cds_5y_usd,135.3600
2013-04-04,cds_5y_usd,132.4200
2013-04-05,cds_5y_usd,129.9500
2013-04-08,cds_5y_usd,127.0200
2013-04-09,cds_5y_usd,125.5500
2013-04-10,cds_5y_usd,123.3200
2013-04-11,cds_5y_usd,118.1600
2013-04-12,cds_5y_usd,118.9100
2013-04-15,cds_5y_usd,121.4200
2013-04-16,cds_5y_usd,120.5700
2013-04-17,cds_5y_usd,122.0600
2013-04-18,cds_5y_usd,123.6800
2013-04-19,cds_5y_usd,123.8200
2013-04-22,cds_5y_usd,122.6100
2013-04-23,cds_5y_usd,121.1400
2013-04-24,cds_5y_usd,121.1500
2013-04-25,cds_5y_usd,118.9300
2013-04-26,cds_5y_usd,118.9400
2013-04-29,cds_5y_usd,116.6200
2013-04-30,cds_5y_usd,108.0300
2013-05-01,cds_5y_usd,109.0400
2013-05-02,cds_5y_usd,104.6200
2013-05-03,cds_5y_usd,104.9600
2013-05-06,cds_5y_usd,105.0000
2013-05-07,cds_5y_usd,106.8300
2013-05-08,cds_5y_usd,108.1700
2013-05-09,cds_5y_usd,108.3500
2013-05-10,cds_5y_usd,111.1800
2013-05-13,cds_5y_usd,121.2500
2013-05-14,cds_5y_usd,120.1500
2013-05-15,cds_5y_usd,124.2500
2013-05-16,cds_5y_usd,126.7300
2013-05-17,cds_5y_usd,128.9800
2013-05-20,cds_5y_usd,129.7500
2013-05-21,cds_5y_usd,131.5000
2013-05-22,cds_5y_usd,128.7800
2013-05-23,cds_5y_usd,133.2800
2013-05-24,cds_5y_usd,134.1500
2013-05-27,cds_5y_usd,134.2000
2013-05-28,cds_5y_usd,135.5100
2013-05-29,cds_5y_usd,139.4700
2013-05-30,cds_5y_usd,140.0800
2013-05-31,cds_5y_usd,142.9400
2013-06-03,cds_5y_usd,144.5300
2013-06-04,cds_5y_usd,144.6700
2013-06-05,cds_5y_usd,148.1200
2013-06-06,cds_5y_usd,154.3200
2013-06-07,cds_5y_usd,151.2400
2013-06-10,cds_5y_usd,168.8800
2013-06-11,cds_5y_usd,176.7800
2013-06-12,cds_5y_usd,169.5200
2013-06-13,cds_5y_usd,155.9300
2013-06-14,cds_5y_usd,146.6100
2013-06-17,cds_5y_usd,146.8800
2013-06-18,cds_5y_usd,159.5500
2013-06-19,cds_5y_usd,169.0500
2013-06-20,cds_5y_usd,201.0000
2013-06-21,cds_5y_usd,211.1800
2013-06-24,cds_5y_usd,208.7000
2013-06-25,cds_5y_usd,196.2100
2013-06-26,cds_5y_usd,187.5000
2013-06-27,cds_5y_usd,180.5900
2013-06-28,cds_5y_usd,184.9400
2013-07-01,cds_5y_usd,186.2300
2013-07-02,cds_5y_usd,189.2000
2013-07-03,cds_5y_usd,203.8700
2013-07-04,cds_5y_usd,203.3000
2013-07-05,cds_5y_usd,210.5200
2013-07-08,cds_5y_usd,207.6400
2013-07-09,cds_5y_usd,199.6800
2013-07-10,cds_5y_usd,202.1000
2013-07-11,cds_5y_usd,191.8600
2013-07-12,cds_5y_usd,184.9800
2013-07-15,cds_5y_usd,175.1300
2013-07-16,cds_5y_usd,176.2600
2013-07-17,cds_5y_usd,166.9800
2013-07-18,cds_5y_usd,155.0700
2013-07-19,cds_5y_usd,158.9100
2013-07-22,cds_5y_usd,154.7200
2013-07-23,cds_5y_usd,156.2100
2013-07-24,cds_5y_usd,176.6800
2013-07-25,cds_5y_usd,179.6300
2013-07-26,cds_5y_usd,182.9100
2013-07-29,cds_5y_usd,184.5400
2013-07-30,cds_5y_usd,187.4900
2013-07-31,cds_5y_usd,188.4800
2013-08-01,cds_5y_usd,184.6000
2013-08-02,cds_5y_usd,178.2100
2013-08-05,cds_5y_usd,181.6000
2013-08-06,cds_5y_usd,185.9900
2013-08-07,cds_5y_usd,188.0900
2013-08-08,cds_5y_usd,185.8000
2013-08-09,cds_5y_usd,184.1600
2013-08-12,cds_5y_usd,178.8800
2013-08-13,cds_5y_usd,177.6100
2013-08-14,cds_5y_usd,182.9800
2013-08-15,cds_5y_usd,192.4100
2013-08-16,cds_5y_usd,202.6100
2013-08-19,cds_5y_usd,212.5200
2013-08-20,cds_5y_usd,202.8800
2013-08-21,cds_5y_usd,216.7900
2013-08-22,cds_5y_usd,209.4100
2013-08-23,cds_5y_usd,194.1800
2013-08-26,cds_5y_usd,196.8800
2013-08-27,cds_5y_usd,205.1500
2013-08-28,cds_5y_usd,200.1800
2013-08-29,cds_5y_usd,201.1200
2013-08-30,cds_5y_usd,207.2200
2013-09-02,cds_5y_usd,207.0800
2013-09-03,cds_5y_usd,208.4100
2013-09-04,cds_5y_usd,205.7000
2013-09-05,cds_5y_usd,205.2300
2013-09-06,cds_5y_usd,191.9200
2013-09-09,cds_5y_usd,187.3200
2013-09-10,cds_5y_usd,185.8800
2013-09-11,cds_5y_usd,175.5600
2013-09-12,cds_5y_usd,176.2200
2013-09-13,cds_5y_usd,172.9700
2013-09-16,cds_5y_usd,165.2700
2013-09-17,cds_5y_usd,156.0600
2013-09-18,cds_5y_usd,147.6300
2013-09-19,cds_5y_usd,146.7200
2013-09-20,cds_5y_usd,154.0800
2013-09-23,cds_5y_usd,154.5500
2013-09-24,cds_5y_usd,154.5400
2013-09-25,cds_5y_usd,155.0300
2013-09-26,cds_5y_usd,158.0400
2013-09-27,cds_5y_usd,175.8800
2013-09-30,cds_5y_usd,175.2400
2013-10-01,cds_5y_usd,169.6500
2013-10-02,cds_5y_usd,169.7500
2013-10-03,cds_5y_usd,170.1700
2013-10-04,cds_5y_usd,157.6500
2013-10-07,cds_5y_usd,157.5100
2013-10-08,cds_5y_usd,156.6600
2013-10-09,cds_5y_usd,155.2900
2013-10-10,cds_5y_usd,147.0300
2013-10-11,cds_5y_usd,144.6600
2013-10-14,cds_5y_usd,144.6600
2013-10-15,cds_5y_usd,142.8200
2013-10-16,cds_5y_usd,141.5900
2013-10-17,cds_5y_usd,144.7900
2013-10-18,cds_5y_usd,146.5300
2013-10-21,cds_5y_usd,152.4600
2013-10-22,cds_5y_usd,150.5800
2013-10-23,cds_5y_usd,152.7000
2013-10-24,cds_5y_usd,155.1800
2013-10-25,cds_5y_usd,155.6600
2013-10-28,cds_5y_usd,155.6700
2013-10-29,cds_5y_usd,156.9000
2013-10-30,cds_5y_usd,157.2600
2013-10-31,cds_5y_usd,172.2800
2013-11-01,cds_5y_usd,180.5200
2013-11-04,cds_5y_usd,178.8100
2013-11-05,cds_5y_usd,185.4500
2013-11-06,cds_5y_usd,186.0000
2013-11-07,cds_5y_usd,192.2900
2013-11-08,cds_5y_usd,203.3000
2013-11-11,cds_5y_usd,203.3000
2013-11-12,cds_5y_usd,206.8300
2013-11-13,cds_5y_usd,202.0900
2013-11-14,cds_5y_usd,194.5600
2013-11-15,cds_5y_usd,188.2700
2013-11-18,cds_5y_usd,184.3700
2013-11-19,cds_5y_usd,192.1500
2013-11-20,cds_5y_usd,197.6600
2013-11-21,cds_5y_usd,200.3300
2013-11-22,cds_5y_usd,195.1300
2013-11-25,cds_5y_usd,200.1700
2013-11-26,cds_5y_usd,202.4600
2013-11-27,cds_5y_usd,203.4700
2013-11-28,cds_5y_usd,202.9600
2013-11-29,cds_5y_usd,203.4700
2013-12-02,cds_5y_usd,211.7200
2013-12-03,cds_5y_usd,212.2900
2013-12-04,cds_5y_usd,212.6400
2013-12-05,cds_5y_usd,202.1200
2013-12-06,cds_5y_usd,190.6300
2013-12-09,cds_5y_usd,184.6700
2013-12-10,cds_5y_usd,183.0200
2013-12-11,cds_5y_usd,185.7000
2013-12-12,cds_5y_usd,178.0400
2013-12-13,cds_5y_usd,179.1400
2013-12-16,cds_5y_usd,181.1100
2013-12-17,cds_5y_usd,182.5600
2013-12-18,cds_5y_usd,179.2000
2013-12-19,cds_5y_usd,178.9200
2013-12-20,cds_5y_usd,184.9800
2013-12-23,cds_5y_usd,184.2200
2013-12-24,cds_5y_usd,184.1900
2013-12-25,cds_5y_usd,184.1900
2013-12-26,cds_5y_usd,184.2000
2013-12-27,cds_5y_usd,187.2900
2013-12-30,cds_5y_usd,191.8700
2013-12-31,cds_5y_usd,191.8900
2014-01-01,cds_5y_usd,191.0600
2014-01-02,cds_5y_usd,194.6400
2014-01-03,cds_5y_usd,187.2500
2014-01-06,cds_5y_usd,185.9100
2014-01-07,cds_5y_usd,189.0800
2014-01-08,cds_5y_usd,193.2600
2014-01-09,cds_5y_usd,193.2600
2014-01-10,cds_5y_usd,191.8300
2014-01-13,cds_5y_usd,194.8700
2014-01-14,cds_5y_usd,196.0100
2014-01-15,cds_5y_usd,194.5200
2014-01-16,cds_5y_usd,197.0800
2014-01-17,cds_5y_usd,194.6400
2014-01-20,cds_5y_usd,193.9600
2014-01-21,cds_5y_usd,192.0200
2014-01-22,cds_5y_usd,195.8300
2014-01-23,cds_5y_usd,202.4200
2014-01-24,cds_5y_usd,206.2200
2014-01-27,cds_5y_usd,209.1000
2014-01-28,cds_5y_usd,203.1600
2014-01-29,cds_5y_usd,205.3400
2014-01-30,cds_5y_usd,203.3200
2014-01-31,cds_5y_usd,205.4300
2014-02-03,cds_5y_usd,207.8500
2014-02-04,cds_5y_usd,197.9500
2014-02-05,cds_5y_usd,190.6800
2014-02-06,cds_5y_usd,184.8100
2014-02-07,cds_5y_usd,183.0700
2014-02-10,cds_5y_usd,188.0700
2014-02-11,cds_5y_usd,185.4900
2014-02-12,cds_5y_usd,190.4000
2014-02-13,cds_5y_usd,189.0000
2014-02-14,cds_5y_usd,184.8000
2014-02-17,cds_5y_usd,184.2000
2014-02-18,cds_5y_usd,185.0900
2014-02-19,cds_5y_usd,186.9300
2014-02-20,cds_5y_usd,180.3200
2014-02-21,cds_5y_usd,177.8900
2014-02-24,cds_5y_usd,168.7000
2014-02-25,cds_5y_usd,171.1200
2014-02-26,cds_5y_usd,176.2600
2014-02-27,cds_5y_usd,169.3000
2014-02-28,cds_5y_usd,170.3900
2014-03-03,cds_5y_usd,174.9400
2014-03-04,cds_5y_usd,165.7000
2014-03-05,cds_5y_usd,155.6200
2014-03-06,cds_5y_usd,154.1400
2014-03-07,cds_5y_usd,170.7600
2014-03-10,cds_5y_usd,173.9900
2014-03-11,cds_5y_usd,180.5400
2014-03-12,cds_5y_usd,176.9200
2014-03-13,cds_5y_usd,179.5500
2014-03-14,cds_5y_usd,180.9000
2014-03-17,cds_5y_usd,175.1700
2014-03-18,cds_5y_usd,170.0600
2014-03-19,cds_5y_usd,172.4100
2014-03-20,cds_5y_usd,181.3300
2014-03-21,cds_5y_usd,179.0400
2014-03-24,cds_5y_usd,178.2300
2014-03-25,cds_5y_usd,172.2800
2014-03-26,cds_5y_usd,166.6800
2014-03-27,cds_5y_usd,155.3400
2014-03-28,cds_5y_usd,158.0500
2014-03-31,cds_5y_usd,168.9900
2014-04-01,cds_5y_usd,167.5100
2014-04-02,cds_5y_usd,158.0700
2014-04-03,cds_5y_usd,169.9900
2014-04-04,cds_5y_usd,161.7200
2014-04-07,cds_5y_usd,152.3700
2014-04-08,cds_5y_usd,154.1000
2014-04-09,cds_5y_usd,153.1300
2014-04-10,cds_5y_usd,150.6500
2014-04-11,cds_5y_usd,153.3800
2014-04-14,cds_5y_usd,151.1800
2014-04-15,cds_5y_usd,152.9100
2014-04-16,cds_5y_usd,150.9500
2014-04-17,cds_5y_usd,148.7300
2014-04-18,cds_5y_usd,152.9400
2014-04-21,cds_5y_usd,147.2200
2014-04-22,cds_5y_usd,146.6300
2014-04-23,cds_5y_usd,148.2100
2014-04-24,cds_5y_usd,147.3600
2014-04-25,cds_5y_usd,148.8900
2014-04-28,cds_5y_usd,146.9500
2014-04-29,cds_5y_usd,143.3600
2014-04-30,cds_5y_usd,141.3900
2014-05-01,cds_5y_usd,143.3700
2014-05-02,cds_5y_usd,141.4500
2014-05-05,cds_5y_usd,141.4300
2014-05-06,cds_5y_usd,142.0800
2014-05-07,cds_5y_usd,141.4200
2014-05-08,cds_5y_usd,140.6000
2014-05-09,cds_5y_usd,144.5500
2014-05-12,cds_5y_usd,143.7400
2014-05-13,cds_5y_usd,144.0500
2014-05-14,cds_5y_usd,148.5800
2014-05-15,cds_5y_usd,147.0300
2014-05-16,cds_5y_usd,146.3800
2014-05-19,cds_5y_usd,144.3800
2014-05-20,cds_5y_usd,147.6900
2014-05-21,cds_5y_usd,148.3900
2014-05-22,cds_5y_usd,148.6900
2014-05-23,cds_5y_usd,146.3700
2014-05-26,cds_5y_usd,143.0600
2014-05-27,cds_5y_usd,146.7100
2014-05-28,cds_5y_usd,143.7400
2014-05-29,cds_5y_usd,138.7800
2014-05-30,cds_5y_usd,139.7800
2014-06-02,cds_5y_usd,139.6500
2014-06-03,cds_5y_usd,140.6300
2014-06-04,cds_5y_usd,139.6400
2014-06-05,cds_5y_usd,138.1600
2014-06-06,cds_5y_usd,133.7400
2014-06-09,cds_5y_usd,133.7500
2014-06-10,cds_5y_usd,134.2400
2014-06-11,cds_5y_usd,134.7200
2014-06-12,cds_5y_usd,137.1900
2014-06-13,cds_5y_usd,135.2500
2014-06-16,cds_5y_usd,135.2300
2014-06-17,cds_5y_usd,136.4300
2014-06-18,cds_5y_usd,135.7400
2014-06-19,cds_5y_usd,136.3900
2014-06-20,cds_5y_usd,138.9900
2014-06-23,cds_5y_usd,138.1700
2014-06-24,cds_5y_usd,137.6800
2014-06-25,cds_5y_usd,134.3900
2014-06-26,cds_5y_usd,137.0400
2014-06-27,cds_5y_usd,138.9700
2014-06-30,cds_5y_usd,140.1300
2014-07-01,cds_5y_usd,139.3200
2014-07-02,cds_5y_usd,141.8000
2014-07-03,cds_5y_usd,140.9900
2014-07-04,cds_5y_usd,140.9800
2014-07-07,cds_5y_usd,141.4500
2014-07-08,cds_5y_usd,142.7300
2014-07-09,cds_5y_usd,140.3200
2014-07-10,cds_5y_usd,142.2300
2014-07-11,cds_5y_usd,146.3600
2014-07-14,cds_5y_usd,141.4400
2014-07-15,cds_5y_usd,142.7500
2014-07-16,cds_5y_usd,142.1000
2014-07-17,cds_5y_usd,144.3700
2014-07-18,cds_5y_usd,138.3500
2014-07-21,cds_5y_usd,139.2900
2014-07-22,cds_5y_usd,132.2800
2014-07-23,cds_5y_usd,132.2800
2014-07-24,cds_5y_usd,133.9400
2014-07-25,cds_5y_usd,136.8600
2014-07-28,cds_5y_usd,139.5000
2014-07-29,cds_5y_usd,141.4500
2014-07-30,cds_5y_usd,141.1400
2014-07-31,cds_5y_usd,150.9300
2014-08-01,cds_5y_usd,151.8800
2014-08-04,cds_5y_usd,150.2500
2014-08-05,cds_5y_usd,154.5400
2014-08-06,cds_5y_usd,162.7900
2014-08-07,cds_5y_usd,156.1300
2014-08-08,cds_5y_usd,148.9500
2014-08-11,cds_5y_usd,150.5700
2014-08-12,cds_5y_usd,148.6300
2014-08-13,cds_5y_usd,144.6900
2014-08-14,cds_5y_usd,144.8800
2014-08-15,cds_5y_usd,144.0700
2014-08-18,cds_5y_usd,138.8600
2014-08-19,cds_5y_usd,137.0400
2014-08-20,cds_5y_usd,137.5500
2014-08-21,cds_5y_usd,137.2000
2014-08-22,cds_5y_usd,139.5100
2014-08-25,cds_5y_usd,138.3600
2014-08-26,cds_5y_usd,134.2600
2014-08-27,cds_5y_usd,132.3000
2014-08-28,cds_5y_usd,131.0000
2014-08-29,cds_5y_usd,128.3800
2014-09-01,cds_5y_usd,128.3700
2014-09-02,cds_5y_usd,127.7300
2014-09-03,cds_5y_usd,123.6200
2014-09-04,cds_5y_usd,128.0600
2014-09-05,cds_5y_usd,128.0500
2014-09-08,cds_5y_usd,130.4900
2014-09-09,cds_5y_usd,139.3700
2014-09-10,cds_5y_usd,139.0800
2014-09-11,cds_5y_usd,136.3800
2014-09-12,cds_5y_usd,145.6200
2014-09-15,cds_5y_usd,146.1800
2014-09-16,cds_5y_usd,138.3400
2014-09-17,cds_5y_usd,139.3400
2014-09-18,cds_5y_usd,139.3500
2014-09-19,cds_5y_usd,141.7900
2014-09-22,cds_5y_usd,158.3800
2014-09-23,cds_5y_usd,158.3800
2014-09-24,cds_5y_usd,152.2700
2014-09-25,cds_5y_usd,160.8200
2014-09-26,cds_5y_usd,162.8000
2014-09-29,cds_5y_usd,175.0200
2014-09-30,cds_5y_usd,174.2700
2014-10-01,cds_5y_usd,175.4500
2014-10-02,cds_5y_usd,174.0500
2014-10-03,cds_5y_usd,173.5900
2014-10-06,cds_5y_usd,159.3400
2014-10-07,cds_5y_usd,151.8600
2014-10-08,cds_5y_usd,155.1600
2014-10-09,cds_5y_usd,154.6600
2014-10-10,cds_5y_usd,158.5700
2014-10-13,cds_5y_usd,158.5900
2014-10-14,cds_5y_usd,157.3700
2014-10-15,cds_5y_usd,167.3100
2014-10-16,cds_5y_usd,163.7300
2014-10-17,cds_5y_usd,153.2600
2014-10-20,cds_5y_usd,157.3900
2014-10-21,cds_5y_usd,166.2400
2014-10-22,cds_5y_usd,165.7600
2014-10-23,cds_5y_usd,169.7400
2014-10-24,cds_5y_usd,160.8300
2014-10-27,cds_5y_usd,165.7300
2014-10-28,cds_5y_usd,156.1900
2014-10-29,cds_5y_usd,154.0400
2014-10-30,cds_5y_usd,147.1000
2014-10-31,cds_5y_usd,152.5600
2014-11-03,cds_5y_usd,160.4000
2014-11-04,cds_5y_usd,164.0600
2014-11-05,cds_5y_usd,160.1500
2014-11-06,cds_5y_usd,166.2900
2014-11-07,cds_5y_usd,170.8800
2014-11-10,cds_5y_usd,169.9600
2014-11-11,cds_5y_usd,169.9600
2014-11-12,cds_5y_usd,172.6300
2014-11-13,cds_5y_usd,175.6000
2014-11-14,cds_5y_usd,183.4000
2014-11-17,cds_5y_usd,185.8700
2014-11-18,cds_5y_usd,183.6400
2014-11-19,cds_5y_usd,175.1100
2014-11-20,cds_5y_usd,171.6600
2014-11-21,cds_5y_usd,156.4800
2014-11-24,cds_5y_usd,167.3100
2014-11-25,cds_5y_usd,155.5100
2014-11-26,cds_5y_usd,151.5800
2014-11-27,cds_5y_usd,151.5800
2014-11-28,cds_5y_usd,151.5800
2014-12-01,cds_5y_usd,160.8900
2014-12-02,cds_5y_usd,162.4200
2014-12-03,cds_5y_usd,156.5500
2014-12-04,cds_5y_usd,157.5200
2014-12-05,cds_5y_usd,163.4900
2014-12-08,cds_5y_usd,176.7700
2014-12-09,cds_5y_usd,176.2100
2014-12-10,cds_5y_usd,180.5800
2014-12-11,cds_5y_usd,188.9500
2014-12-12,cds_5y_usd,209.0000
2014-12-15,cds_5y_usd,239.5700
2014-12-16,cds_5y_usd,234.9200
2014-12-17,cds_5y_usd,204.2200
2014-12-18,cds_5y_usd,206.6700
2014-12-19,cds_5y_usd,182.5700
2014-12-22,cds_5y_usd,181.5000
2014-12-23,cds_5y_usd,182.4800
2014-12-24,cds_5y_usd,182.4100
2014-12-25,cds_5y_usd,182.4300
2014-12-26,cds_5y_usd,182.4300
2014-12-29,cds_5y_usd,187.8600
2014-12-30,cds_5y_usd,196.6400
2014-12-31,cds_5y_usd,201.0600
2015-01-01,cds_5y_usd,201.0800
2015-01-02,cds_5y_usd,207.9700
2015-01-05,cds_5y_usd,224.5800
2015-01-06,cds_5y_usd,219.5700
2015-01-07,cds_5y_usd,210.3700
2015-01-08,cds_5y_usd,206.5000
2015-01-09,cds_5y_usd,201.9200
2015-01-12,cds_5y_usd,208.8200
2015-01-13,cds_5y_usd,204.9800
2015-01-14,cds_5y_usd,201.3400
2015-01-15,cds_5y_usd,206.8300
2015-01-16,cds_5y_usd,205.6500
2015-01-19,cds_5y_usd,205.5500
2015-01-20,cds_5y_usd,202.0100
2015-01-21,cds_5y_usd,204.5300
2015-01-22,cds_5y_usd,197.1800
2015-01-23,cds_5y_usd,193.6500
2015-01-26,cds_5y_usd,196.7400
2015-01-27,cds_5y_usd,198.5500
2015-01-28,cds_5y_usd,208.9200
2015-01-29,cds_5y_usd,209.0400
2015-01-30,cds_5y_usd,212.7700
2015-02-02,cds_5y_usd,232.9800
2015-02-03,cds_5y_usd,220.8400
2015-02-04,cds_5y_usd,224.7100
2015-02-05,cds_5y_usd,223.2200
2015-02-06,cds_5y_usd,229.4800
2015-02-09,cds_5y_usd,230.5200
2015-02-10,cds_5y_usd,244.6800
2015-02-11,cds_5y_usd,251.4600
2015-02-12,cds_5y_usd,238.1500
2015-02-13,cds_5y_usd,235.3500
2015-02-16,cds_5y_usd,235.3400
2015-02-17,cds_5y_usd,233.8700
2015-02-18,cds_5y_usd,228.0300
2015-02-19,cds_5y_usd,233.9600
2015-02-20,cds_5y_usd,235.8900
2015-02-23,cds_5y_usd,238.2000
2015-02-24,cds_5y_usd,229.4100
2015-02-25,cds_5y_usd,240.8400
2015-02-26,cds_5y_usd,250.7800
2015-02-27,cds_5y_usd,235.8800
2015-03-02,cds_5y_usd,238.1300
2015-03-03,cds_5y_usd,232.1600
2015-03-04,cds_5y_usd,244.4400
2015-03-05,cds_5y_usd,250.8100
2015-03-06,cds_5y_usd,253.6400
2015-03-09,cds_5y_usd,271.3300
2015-03-10,cds_5y_usd,286.0100
2015-03-11,cds_5y_usd,286.6500
2015-03-12,cds_5y_usd,287.9600
2015-03-13,cds_5y_usd,302.2500
2015-03-16,cds_5y_usd,304.4900
2015-03-17,cds_5y_usd,300.7200
2015-03-18,cds_5y_usd,297.6900
2015-03-19,cds_5y_usd,302.4200
2015-03-20,cds_5y_usd,291.2900
2015-03-23,cds_5y_usd,290.2400
2015-03-24,cds_5y_usd,276.3000
2015-03-25,cds_5y_usd,284.3000
2015-03-26,cds_5y_usd,283.7700
2015-03-27,cds_5y_usd,285.9500
2015-03-30,cds_5y_usd,281.1700
2015-03-31,cds_5y_usd,277.7700
2015-04-01,cds_5y_usd,265.6400
2015-04-02,cds_5y_usd,259.4700
2015-04-03,cds_5y_usd,259.4800
2015-04-06,cds_5y_usd,252.0700
2015-04-07,cds_5y_usd,251.9900
2015-04-08,cds_5y_usd,231.4500
2015-04-09,cds_5y_usd,233.4500
2015-04-10,cds_5y_usd,245.1900
2015-04-13,cds_5y_usd,247.6200
2015-04-14,cds_5y_usd,238.6700
2015-04-15,cds_5y_usd,229.0000
2015-04-16,cds_5y_usd,234.9400
2015-04-17,cds_5y_usd,241.8100
2015-04-20,cds_5y_usd,231.9800
2015-04-21,cds_5y_usd,228.5100
2015-04-22,cds_5y_usd,227.1000
2015-04-23,cds_5y_usd,217.7300
2015-04-24,cds_5y_usd,220.1100
2015-04-27,cds_5y_usd,220.7700
2015-04-28,cds_5y_usd,223.7200
2015-04-29,cds_5y_usd,226.6500
2015-04-30,cds_5y_usd,232.6200
2015-05-01,cds_5y_usd,237.9500
2015-05-04,cds_5y_usd,239.4900
2015-05-05,cds_5y_usd,232.9400
2015-05-06,cds_5y_usd,230.9700
2015-05-07,cds_5y_usd,231.9200
2015-05-08,cds_5y_usd,222.2600
2015-05-11,cds_5y_usd,229.5500
2015-05-12,cds_5y_usd,229.9600
2015-05-13,cds_5y_usd,231.4200
2015-05-14,cds_5y_usd,226.9300
2015-05-15,cds_5y_usd,228.9300
2015-05-18,cds_5y_usd,222.7400
2015-05-19,cds_5y_usd,224.7100
2015-05-20,cds_5y_usd,221.5800
2015-05-21,cds_5y_usd,219.1400
2015-05-22,cds_5y_usd,220.4600
2015-05-25,cds_5y_usd,220.4000
2015-05-26,cds_5y_usd,230.5100
2015-05-27,cds_5y_usd,227.6300
2015-05-28,cds_5y_usd,231.9300
2015-05-29,cds_5y_usd,231.0100
2015-06-01,cds_5y_usd,233.4200
2015-06-02,cds_5y_usd,232.4800
2015-06-03,cds_5y_usd,235.9700
2015-06-04,cds_5y_usd,240.8800
2015-06-05,cds_5y_usd,247.9000
2015-06-08,cds_5y_usd,246.5400
2015-06-09,cds_5y_usd,241.6100
2015-06-10,cds_5y_usd,244.4900
2015-06-11,cds_5y_usd,238.4800
2015-06-12,cds_5y_usd,242.1800
2015-06-15,cds_5y_usd,245.5800
2015-06-16,cds_5y_usd,244.5900
2015-06-17,cds_5y_usd,241.3200
2015-06-18,cds_5y_usd,230.6900
2015-06-19,cds_5y_usd,240.1700
2015-06-22,cds_5y_usd,249.1700
2015-06-23,cds_5y_usd,245.7900
2015-06-24,cds_5y_usd,252.6300
2015-06-25,cds_5y_usd,254.6900
2015-06-26,cds_5y_usd,256.0900
2015-06-29,cds_5y_usd,265.9800
2015-06-30,cds_5y_usd,258.0100
2015-07-01,cds_5y_usd,256.6200
2015-07-02,cds_5y_usd,249.7900
2015-07-03,cds_5y_usd,249.8900
2015-07-06,cds_5y_usd,257.8400
2015-07-07,cds_5y_usd,261.0700
2015-07-08,cds_5y_usd,264.2000
2015-07-09,cds_5y_usd,261.0200
2015-07-10,cds_5y_usd,251.7900
2015-07-13,cds_5y_usd,246.8900
2015-07-14,cds_5y_usd,249.5400
2015-07-15,cds_5y_usd,258.7800
2015-07-16,cds_5y_usd,254.2100
2015-07-17,cds_5y_usd,262.4900
2015-07-20,cds_5y_usd,271.7500
2015-07-21,cds_5y_usd,262.3900
2015-07-22,cds_5y_usd,270.4800
2015-07-23,cds_5y_usd,287.8500
2015-07-24,cds_5y_usd,293.2500
2015-07-27,cds_5y_usd,295.3600
2015-07-28,cds_5y_usd,288.2700
2015-07-29,cds_5y_usd,276.0800
2015-07-30,cds_5y_usd,282.2800
2015-07-31,cds_5y_usd,288.8700
2015-08-03,cds_5y_usd,296.4900
2015-08-04,cds_5y_usd,299.2900
2015-08-05,cds_5y_usd,301.3200
2015-08-06,cds_5y_usd,325.7300
2015-08-07,cds_5y_usd,327.9000
2015-08-10,cds_5y_usd,313.2800
2015-08-11,cds_5y_usd,312.8200
2015-08-12,cds_5y_usd,298.7500
2015-08-13,cds_5y_usd,305.0100
2015-08-14,cds_5y_usd,300.5700
2015-08-17,cds_5y_usd,301.8800
2015-08-18,cds_5y_usd,302.8100
2015-08-19,cds_5y_usd,317.6500
2015-08-20,cds_5y_usd,321.3200
2015-08-21,cds_5y_usd,336.7400
2015-08-24,cds_5y_usd,352.9700
2015-08-25,cds_5y_usd,345.1200
2015-08-26,cds_5y_usd,340.6700
2015-08-27,cds_5y_usd,320.7600
2015-08-28,cds_5y_usd,327.0700
2015-08-31,cds_5y_usd,344.2400
2015-09-01,cds_5y_usd,361.7200
2015-09-02,cds_5y_usd,372.2700
2015-09-03,cds_5y_usd,362.8400
2015-09-04,cds_5y_usd,375.1200
2015-09-07,cds_5y_usd,375.1900
2015-09-08,cds_5y_usd,367.4700
2015-09-09,cds_5y_usd,365.9700
2015-09-10,cds_5y_usd,383.9800
2015-09-11,cds_5y_usd,392.8800
2015-09-14,cds_5y_usd,377.3400
2015-09-15,cds_5y_usd,375.5200
2015-09-16,cds_5y_usd,367.5600
2015-09-17,cds_5y_usd,373.4800
2015-09-18,cds_5y_usd,390.3400
2015-09-21,cds_5y_usd,419.1500
2015-09-22,cds_5y_usd,455.5500
2015-09-23,cds_5y_usd,474.9100
2015-09-24,cds_5y_usd,467.8100
2015-09-25,cds_5y_usd,489.5100
2015-09-28,cds_5y_usd,504.2200
2015-09-29,cds_5y_usd,521.3600
2015-09-30,cds_5y_usd,470.6300
2015-10-01,cds_5y_usd,521.3600
2015-10-02,cds_5y_usd,521.3600
2015-10-05,cds_5y_usd,489.5200
2015-10-06,cds_5y_usd,401.8700
2015-10-07,cds_5y_usd,442.1900
2015-10-08,cds_5y_usd,412.3100
2015-10-09,cds_5y_usd,410.8400
2015-10-12,cds_5y_usd,410.7900
2015-10-13,cds_5y_usd,441.8500
2015-10-14,cds_5y_usd,441.5800
2015-10-15,cds_5y_usd,418.9900
2015-10-16,cds_5y_usd,435.3700
2015-10-19,cds_5y_usd,450.9300
2015-10-20,cds_5y_usd,467.3200
2015-10-21,cds_5y_usd,469.3300
2015-10-22,cds_5y_usd,453.4600
2015-10-23,cds_5y_usd,445.2400
2015-10-26,cds_5y_usd,442.2300
2015-10-27,cds_5y_usd,435.7800
2015-10-28,cds_5y_usd,439.1500
2015-10-29,cds_5y_usd,435.8700
2015-10-30,cds_5y_usd,429.6700
2015-11-02,cds_5y_usd,414.6100
2015-11-03,cds_5y_usd,409.1500
2015-11-04,cds_5y_usd,385.7200
2015-11-05,cds_5y_usd,393.8500
2015-11-06,cds_5y_usd,401.4500
2015-11-09,cds_5y_usd,417.0100
2015-11-10,cds_5y_usd,401.4500
2015-11-11,cds_5y_usd,402.4800
2015-11-12,cds_5y_usd,417.3200
2015-11-13,cds_5y_usd,426.9900
2015-11-16,cds_5y_usd,412.0500
2015-11-17,cds_5y_usd,410.3700
2015-11-18,cds_5y_usd,402.5100
2015-11-19,cds_5y_usd,387.9500
2015-11-20,cds_5y_usd,388.6200
2015-11-23,cds_5y_usd,398.8800
2015-11-24,cds_5y_usd,392.3700
2015-11-25,cds_5y_usd,415.3900
2015-11-26,cds_5y_usd,415.4100
2015-11-27,cds_5y_usd,415.4200
2015-11-30,cds_5y_usd,438.6000
2015-12-01,cds_5y_usd,436.3700
2016-01-01,cds_5y_usd,488.9900
2016-01-04,cds_5y_usd,496.3500
2016-01-05,cds_5y_usd,472.9400
2016-01-06,cds_5y_usd,469.1500
2016-01-07,cds_5y_usd,474.9900
2016-01-08,cds_5y_usd,480.8000
2016-01-11,cds_5y_usd,477.0000
2016-01-12,cds_5y_usd,477.0000
2016-01-13,cds_5y_usd,489.5600
2016-01-14,cds_5y_usd,473.4900
2016-01-15,cds_5y_usd,491.7300
2016-01-18,cds_5y_usd,492.0600
2016-01-19,cds_5y_usd,488.9000
2016-01-20,cds_5y_usd,489.4800
2016-01-21,cds_5y_usd,486.7500
2016-01-22,cds_5y_usd,468.8000
2016-01-25,cds_5y_usd,485.3100
2016-01-26,cds_5y_usd,467.4900
2016-01-27,cds_5y_usd,464.0800
2016-01-28,cds_5y_usd,459.6700
2016-01-29,cds_5y_usd,462.6300
2016-02-01,cds_5y_usd,463.6900
2016-02-02,cds_5y_usd,478.9100
2016-02-03,cds_5y_usd,460.7900
2016-02-04,cds_5y_usd,455.8600
2016-02-05,cds_5y_usd,456.8400
2016-02-08,cds_5y_usd,467.1600
2016-02-09,cds_5y_usd,470.8300
2016-02-10,cds_5y_usd,479.3500
2016-02-11,cds_5y_usd,495.4500
2016-02-12,cds_5y_usd,482.0300
2016-02-15,cds_5y_usd,481.8200
2016-02-16,cds_5y_usd,472.0900
2016-02-17,cds_5y_usd,465.0000
2016-02-18,cds_5y_usd,468.4700
2016-02-19,cds_5y_usd,457.5900
2016-02-22,cds_5y_usd,446.5600
2016-02-23,cds_5y_usd,450.6300
2016-02-24,cds_5y_usd,435.0700
2016-02-25,cds_5y_usd,436.2200
2016-02-26,cds_5y_usd,446.3000
2016-02-29,cds_5y_usd,445.8000
2016-03-01,cds_5y_usd,431.1700
2016-03-02,cds_5y_usd,433.4300
2016-03-03,cds_5y_usd,409.9000
2016-03-04,cds_5y_usd,395.7500
2016-03-07,cds_5y_usd,399.0500
2016-03-08,cds_5y_usd,398.8300
2016-03-09,cds_5y_usd,388.4600
2016-03-10,cds_5y_usd,381.4300
2016-03-11,cds_5y_usd,376.2300
2016-03-14,cds_5y_usd,384.0900
2016-03-15,cds_5y_usd,416.9300
2016-03-16,cds_5y_usd,402.7000
2016-03-17,cds_5y_usd,369.2800
2016-03-18,cds_5y_usd,351.1400
2016-03-21,cds_5y_usd,360.6000
2016-03-22,cds_5y_usd,352.4000
2016-03-23,cds_5y_usd,382.2600
2016-03-24,cds_5y_usd,382.4600
2016-03-25,cds_5y_usd,382.3600
2016-03-28,cds_5y_usd,368.9900
2016-03-29,cds_5y_usd,355.2900
2016-03-30,cds_5y_usd,345.9800
2016-03-31,cds_5y_usd,357.0100
2016-04-01,cds_5y_usd,351.5700
2016-04-04,cds_5y_usd,356.0400
2016-04-05,cds_5y_usd,375.8500
2016-04-06,cds_5y_usd,372.4000
2016-04-07,cds_5y_usd,389.0700
2016-04-08,cds_5y_usd,374.0300
2016-04-11,cds_5y_usd,360.9500
2016-04-12,cds_5y_usd,345.0500
2016-04-13,cds_5y_usd,332.3900
2016-04-14,cds_5y_usd,327.1900
2016-04-15,cds_5y_usd,336.2100
2016-04-18,cds_5y_usd,332.0000
2016-04-19,cds_5y_usd,328.7300
2016-04-20,cds_5y_usd,326.2100
2016-04-21,cds_5y_usd,343.0600
2016-04-22,cds_5y_usd,349.4900
2016-04-25,cds_5y_usd,351.0400
2016-04-26,cds_5y_usd,337.6600
2016-04-27,cds_5y_usd,325.6300
2016-04-28,cds_5y_usd,326.7700
2016-04-29,cds_5y_usd,330.8200
2016-05-02,cds_5y_usd,327.4000
2016-05-03,cds_5y_usd,335.6400
2016-05-04,cds_5y_usd,334.8600
2016-05-05,cds_5y_usd,337.7900
2016-05-06,cds_5y_usd,330.6200
2016-05-09,cds_5y_usd,338.9600
2016-05-10,cds_5y_usd,326.2100
2016-05-11,cds_5y_usd,315.3000
2016-05-12,cds_5y_usd,316.8200
2016-05-13,cds_5y_usd,320.6600
2016-05-16,cds_5y_usd,319.7800
2016-05-17,cds_5y_usd,324.9900
2016-05-18,cds_5y_usd,339.0800
2016-05-19,cds_5y_usd,348.3400
2016-05-20,cds_5y_usd,338.7400
2016-05-23,cds_5y_usd,352.7700
2016-05-24,cds_5y_usd,345.6100
2016-05-25,cds_5y_usd,340.6800
2016-05-26,cds_5y_usd,340.9700
2016-05-27,cds_5y_usd,341.5600
2016-05-30,cds_5y_usd,341.4700
2016-05-31,cds_5y_usd,354.8000
2016-06-01,cds_5y_usd,350.1400
2016-06-02,cds_5y_usd,342.0000
2016-06-03,cds_5y_usd,328.3800
2016-06-06,cds_5y_usd,320.2900
2016-06-07,cds_5y_usd,320.2500
2016-06-08,cds_5y_usd,317.8100
2016-06-09,cds_5y_usd,325.9600
2016-06-10,cds_5y_usd,337.8700
2016-06-13,cds_5y_usd,344.9500
2016-06-14,cds_5y_usd,349.1600
2016-06-15,cds_5y_usd,344.3400
2016-06-16,cds_5y_usd,340.5300
2016-06-17,cds_5y_usd,330.6200
2016-06-20,cds_5y_usd,322.6700
2016-06-21,cds_5y_usd,319.6800
2016-06-22,cds_5y_usd,319.2400
2016-06-23,cds_5y_usd,316.9500
2016-06-24,cds_5y_usd,334.9300
2016-06-27,cds_5y_usd,337.3200
2016-06-28,cds_5y_usd,322.3500
2016-06-29,cds_5y_usd,309.5700
2016-06-30,cds_5y_usd,306.2100
2016-07-01,cds_5y_usd,320.6900
2016-07-04,cds_5y_usd,303.9600
2016-07-05,cds_5y_usd,313.4600
2016-07-06,cds_5y_usd,310.2300
2016-07-07,cds_5y_usd,315.0800
2016-07-08,cds_5y_usd,300.2800
2016-07-11,cds_5y_usd,297.9200
2016-07-12,cds_5y_usd,289.2500
2016-07-13,cds_5y_usd,287.7200
2016-07-14,cds_5y_usd,286.4000
2016-07-15,cds_5y_usd,290.8900
2016-07-18,cds_5y_usd,283.6000
2016-07-19,cds_5y_usd,282.5800
2016-07-20,cds_5y_usd,279.3800
2016-07-21,cds_5y_usd,283.6700
2016-07-22,cds_5y_usd,279.3300
2016-07-25,cds_5y_usd,286.4400
2016-07-26,cds_5y_usd,287.7700
2016-07-27,cds_5y_usd,285.7900
2016-07-28,cds_5y_usd,289.2500
2016-07-29,cds_5y_usd,283.3900
2016-08-01,cds_5y_usd,287.3500
2016-08-02,cds_5y_usd,286.3200
2016-08-03,cds_5y_usd,277.2300
2016-08-04,cds_5y_usd,270.4500
2016-08-05,cds_5y_usd,262.9600
2016-08-08,cds_5y_usd,264.3700
2016-08-09,cds_5y_usd,260.0600
2016-08-10,cds_5y_usd,256.6800
2016-08-11,cds_5y_usd,252.9000
2016-08-12,cds_5y_usd,252.3100
2016-08-15,cds_5y_usd,248.1000
2016-08-16,cds_5y_usd,250.1000
2016-08-17,cds_5y_usd,248.2000
2016-08-18,cds_5y_usd,246.2600
2016-08-19,cds_5y_usd,248.5500
2016-08-22,cds_5y_usd,251.5700
2016-08-23,cds_5y_usd,251.1000
2016-08-24,cds_5y_usd,255.9300
2016-08-25,cds_5y_usd,256.9000
2016-08-26,cds_5y_usd,254.4400
2016-08-29,cds_5y_usd,251.8000
2016-08-30,cds_5y_usd,253.9800
2016-08-31,cds_5y_usd,255.4400
2016-09-01,cds_5y_usd,255.8200
2016-09-02,cds_5y_usd,252.0500
2016-09-05,cds_5y_usd,252.0500
2016-09-06,cds_5y_usd,248.5500
2016-09-07,cds_5y_usd,238.4500
2016-09-08,cds_5y_usd,240.4500
2016-09-09,cds_5y_usd,252.0500
2016-09-12,cds_5y_usd,248.6200
2016-09-13,cds_5y_usd,266.5100
2016-09-14,cds_5y_usd,271.7600
2016-09-15,cds_5y_usd,265.9500
2016-09-16,cds_5y_usd,268.4700
2016-09-19,cds_5y_usd,261.7200
2016-09-20,cds_5y_usd,279.0600
2016-09-21,cds_5y_usd,264.7500
2016-09-22,cds_5y_usd,262.0300
2016-09-23,cds_5y_usd,268.2600
2016-09-26,cds_5y_usd,271.0800
2016-09-27,cds_5y_usd,265.3200
2016-09-28,cds_5y_usd,261.0200
2016-09-29,cds_5y_usd,270.1100
2016-09-30,cds_5y_usd,265.8900
2016-10-03,cds_5y_usd,260.0900
2016-10-04,cds_5y_usd,271.6500
2016-10-05,cds_5y_usd,268.7700
2016-10-06,cds_5y_usd,264.9500
2016-10-07,cds_5y_usd,264.8900
2016-10-10,cds_5y_usd,264.9600
2016-10-11,cds_5y_usd,264.0700
2016-10-12,cds_5y_usd,258.7500
2016-10-13,cds_5y_usd,257.7700
2016-10-14,cds_5y_usd,263.1100
2016-10-17,cds_5y_usd,264.0400
2016-10-18,cds_5y_usd,260.7100
2016-10-19,cds_5y_usd,257.3900
2016-10-20,cds_5y_usd,256.4900
2016-10-21,cds_5y_usd,255.5000
2016-10-24,cds_5y_usd,254.6000
2016-10-25,cds_5y_usd,258.9000
2016-10-26,cds_5y_usd,264.1800
2016-10-27,cds_5y_usd,269.4300
2016-10-28,cds_5y_usd,269.8700
2016-10-31,cds_5y_usd,266.5000
2016-11-01,cds_5y_usd,275.5400
2016-11-02,cds_5y_usd,283.6600
2016-11-03,cds_5y_usd,282.2900
2016-11-04,cds_5y_usd,278.3900
2016-11-07,cds_5y_usd,262.2700
2016-11-08,cds_5y_usd,256.5500
2016-11-09,cds_5y_usd,269.1000
2016-11-10,cds_5y_usd,306.6400
2016-11-11,cds_5y_usd,306.5600
2016-11-14,cds_5y_usd,315.2100
2016-11-15,cds_5y_usd,288.2700
2016-11-16,cds_5y_usd,297.2700
2016-11-17,cds_5y_usd,304.1500
2016-11-18,cds_5y_usd,305.8200
2016-11-21,cds_5y_usd,299.8200
2016-11-22,cds_5y_usd,292.6300
2016-11-23,cds_5y_usd,298.5000
2016-11-24,cds_5y_usd,298.4100
2016-11-25,cds_5y_usd,303.1600
2016-11-28,cds_5y_usd,294.4700
2016-11-29,cds_5y_usd,291.6200
2016-11-30,cds_5y_usd,289.3400
2016-12-01,cds_5y_usd,307.6100
2016-12-02,cds_5y_usd,308.8000
2016-12-05,cds_5y_usd,298.0200
2016-12-06,cds_5y_usd,292.2200
2016-12-07,cds_5y_usd,286.4300
2016-12-08,cds_5y_usd,283.6600
2016-12-09,cds_5y_usd,286.6300
2016-12-12,cds_5y_usd,285.1200
2016-12-13,cds_5y_usd,285.6700
2016-12-14,cds_5y_usd,290.2800
2016-12-15,cds_5y_usd,288.1200
2016-12-16,cds_5y_usd,286.0700
2016-12-19,cds_5y_usd,283.2900
2016-12-20,cds_5y_usd,277.1900
2016-12-21,cds_5y_usd,274.7300
2016-12-22,cds_5y_usd,276.7200
2016-12-23,cds_5y_usd,276.1800
2016-12-26,cds_5y_usd,276.2000
2016-12-27,cds_5y_usd,274.3200
2016-12-28,cds_5y_usd,273.3400
2016-12-29,cds_5y_usd,273.3500
2016-12-30,cds_5y_usd,274.3600
2017-01-02,cds_5y_usd,274.3800
2017-01-03,cds_5y_usd,270.6500
2017-01-04,cds_5y_usd,258.6300
2017-01-05,cds_5y_usd,250.9300
2017-01-06,cds_5y_usd,253.9900
2017-01-09,cds_5y_usd,253.0200
2017-01-10,cds_5y_usd,256.6400
2017-01-11,cds_5y_usd,249.8900
2017-01-12,cds_5y_usd,250.8800
2017-01-13,cds_5y_usd,246.1900
2017-01-16,cds_5y_usd,246.1200
2017-01-17,cds_5y_usd,245.0600
2017-01-18,cds_5y_usd,250.1600
2017-01-19,cds_5y_usd,251.2100
2017-01-20,cds_5y_usd,248.9900
2017-01-23,cds_5y_usd,246.8000
2017-01-24,cds_5y_usd,248.4400
2017-01-25,cds_5y_usd,247.2500
2017-01-26,cds_5y_usd,248.1500
2017-01-27,cds_5y_usd,240.5100
2017-01-30,cds_5y_usd,246.5300
2017-01-31,cds_5y_usd,247.2000
2017-02-01,cds_5y_usd,240.6400
2017-02-02,cds_5y_usd,238.6700
2017-02-03,cds_5y_usd,234.8700
2017-02-06,cds_5y_usd,233.8300
2017-02-07,cds_5y_usd,238.2300
2017-02-08,cds_5y_usd,232.8800
2017-02-09,cds_5y_usd,229.2300
2017-02-10,cds_5y_usd,221.8900
2017-02-13,cds_5y_usd,212.3000
2017-02-14,cds_5y_usd,214.8600
2017-02-15,cds_5y_usd,217.4200
2017-02-16,cds_5y_usd,224.7500
2017-02-17,cds_5y_usd,227.2300
2017-02-20,cds_5y_usd,227.2700
2017-02-21,cds_5y_usd,220.1200
2017-02-22,cds_5y_usd,219.5700
2017-02-23,cds_5y_usd,216.1600
2017-02-24,cds_5y_usd,218.6000
2017-02-27,cds_5y_usd,217.8000
2017-02-28,cds_5y_usd,220.1900
2017-03-01,cds_5y_usd,211.7200
2017-03-02,cds_5y_usd,221.2500
2017-03-03,cds_5y_usd,213.5100
2017-03-06,cds_5y_usd,213.9900
2017-03-07,cds_5y_usd,218.3800
2017-03-08,cds_5y_usd,234.8100
2017-03-09,cds_5y_usd,233.8000
2017-03-10,cds_5y_usd,228.8700
2017-03-13,cds_5y_usd,228.4900
2017-03-14,cds_5y_usd,230.8400
2017-03-15,cds_5y_usd,213.3100
2017-03-16,cds_5y_usd,213.6100
2017-03-17,cds_5y_usd,209.2000
2017-03-20,cds_5y_usd,229.3700
2017-03-21,cds_5y_usd,232.8000
2017-03-22,cds_5y_usd,233.2700
2017-03-23,cds_5y_usd,236.7300
2017-03-24,cds_5y_usd,230.9600
2017-03-27,cds_5y_usd,231.2900
2017-03-28,cds_5y_usd,228.7600
2017-03-29,cds_5y_usd,222.4100
2017-03-30,cds_5y_usd,223.3000
2017-03-31,cds_5y_usd,219.8400
2017-04-03,cds_5y_usd,219.2300
2017-04-04,cds_5y_usd,217.8500
2017-04-05,cds_5y_usd,220.2000
2017-04-06,cds_5y_usd,220.4500
2017-04-07,cds_5y_usd,220.9200
2017-04-10,cds_5y_usd,216.9600
2017-04-11,cds_5y_usd,221.0200
2017-04-12,cds_5y_usd,221.7600
2017-04-13,cds_5y_usd,222.5500
2017-04-14,cds_5y_usd,222.5500
2017-04-17,cds_5y_usd,222.3200
2017-04-18,cds_5y_usd,223.2000
2017-04-19,cds_5y_usd,223.3500
2017-04-20,cds_5y_usd,222.6600
2017-04-21,cds_5y_usd,220.4100
2017-04-24,cds_5y_usd,213.7600
2017-04-25,cds_5y_usd,213.6200
2017-04-26,cds_5y_usd,220.4500
2017-04-27,cds_5y_usd,216.8200
2017-04-28,cds_5y_usd,213.4900
2017-05-01,cds_5y_usd,214.0100
2017-05-02,cds_5y_usd,207.4700
2017-05-03,cds_5y_usd,206.7300
2017-05-04,cds_5y_usd,214.4300
2017-05-05,cds_5y_usd,208.8700
2017-05-08,cds_5y_usd,211.8200
2017-05-09,cds_5y_usd,210.4100
2017-05-10,cds_5y_usd,204.8700
2017-05-11,cds_5y_usd,201.2400
2017-05-12,cds_5y_usd,198.5400
2017-05-15,cds_5y_usd,195.2400
2017-05-16,cds_5y_usd,193.7500
2017-05-17,cds_5y_usd,204.1900
2017-05-18,cds_5y_usd,263.5000
2017-05-19,cds_5y_usd,241.2800
2017-05-22,cds_5y_usd,244.1200
2017-05-23,cds_5y_usd,235.6300
2017-05-24,cds_5y_usd,232.1400
2017-05-25,cds_5y_usd,236.3300
2017-05-26,cds_5y_usd,232.2200
2017-05-29,cds_5y_usd,232.2200
2017-05-30,cds_5y_usd,233.2100
2017-05-31,cds_5y_usd,231.3200
2017-06-01,cds_5y_usd,232.3100
2017-06-02,cds_5y_usd,231.7600
2017-06-05,cds_5y_usd,233.7600
2017-06-06,cds_5y_usd,232.2200
2017-06-07,cds_5y_usd,235.6900
2017-06-08,cds_5y_usd,232.2900
2017-06-09,cds_5y_usd,233.5000
2017-06-12,cds_5y_usd,234.1900
2017-06-13,cds_5y_usd,231.8200
2017-06-14,cds_5y_usd,226.4200
2017-06-15,cds_5y_usd,231.3800
2017-06-16,cds_5y_usd,235.1800
2017-06-19,cds_5y_usd,232.1600
2017-06-20,cds_5y_usd,236.0200
2017-06-21,cds_5y_usd,241.3300
2017-06-22,cds_5y_usd,237.8500
2017-06-23,cds_5y_usd,235.2600
2017-06-26,cds_5y_usd,232.3900
2017-06-27,cds_5y_usd,238.7600
2017-06-28,cds_5y_usd,233.3800
2017-06-29,cds_5y_usd,238.7400
2017-06-30,cds_5y_usd,237.0300
2017-07-03,cds_5y_usd,236.3000
2017-07-04,cds_5y_usd,236.3300
2017-07-05,cds_5y_usd,237.2400
2017-07-06,cds_5y_usd,239.9300
2017-07-07,cds_5y_usd,237.7400
2017-07-10,cds_5y_usd,234.5800
2017-07-11,cds_5y_usd,231.4200
2017-07-12,cds_5y_usd,225.1100
2017-07-13,cds_5y_usd,224.7100
2017-07-14,cds_5y_usd,219.8200
2017-07-17,cds_5y_usd,219.8200
2017-07-18,cds_5y_usd,218.2100
2017-07-19,cds_5y_usd,211.7700
2017-07-20,cds_5y_usd,206.9300
2017-07-21,cds_5y_usd,207.3700
2017-07-24,cds_5y_usd,211.2800
2017-07-25,cds_5y_usd,213.8000
2017-07-26,cds_5y_usd,210.2200
2017-07-27,cds_5y_usd,211.5000
2017-07-28,cds_5y_usd,211.2400
2017-07-31,cds_5y_usd,206.4100
2017-08-01,cds_5y_usd,203.2200
2017-08-02,cds_5y_usd,199.8800
2017-08-03,cds_5y_usd,196.4500
2017-08-04,cds_5y_usd,193.3100
2017-08-07,cds_5y_usd,190.6400
2017-08-08,cds_5y_usd,194.3000
2017-08-09,cds_5y_usd,195.7300
2017-08-10,cds_5y_usd,204.9000
2017-08-11,cds_5y_usd,202.0300
2017-08-14,cds_5y_usd,201.1700
2017-08-15,cds_5y_usd,197.3400
2017-08-16,cds_5y_usd,196.3100
2017-08-17,cds_5y_usd,200.1400
2017-08-18,cds_5y_usd,198.6800
2017-08-21,cds_5y_usd,201.3400
2017-08-22,cds_5y_usd,199.7000
2017-08-23,cds_5y_usd,195.9600
2017-08-24,cds_5y_usd,194.4100
2017-08-25,cds_5y_usd,194.3500
2017-08-28,cds_5y_usd,198.4600
2017-08-29,cds_5y_usd,197.2700
2017-08-30,cds_5y_usd,194.9200
2017-08-31,cds_5y_usd,192.9500
2017-09-01,cds_5y_usd,188.5800
2017-09-04,cds_5y_usd,188.5900
2017-09-05,cds_5y_usd,185.6500
2017-09-06,cds_5y_usd,183.3500
2017-09-07,cds_5y_usd,179.8500
2017-09-08,cds_5y_usd,178.9600
2017-09-11,cds_5y_usd,177.8500
2017-09-12,cds_5y_usd,181.6800
2017-09-13,cds_5y_usd,179.0100
2017-09-14,cds_5y_usd,179.9800
2017-09-15,cds_5y_usd,177.5500
2017-09-18,cds_5y_usd,176.1200
2017-09-19,cds_5y_usd,176.6000
2017-09-20,cds_5y_usd,198.4400
2017-09-21,cds_5y_usd,200.0500
2017-09-22,cds_5y_usd,197.5600
2017-09-25,cds_5y_usd,201.4100
2017-09-26,cds_5y_usd,199.5400
2017-09-27,cds_5y_usd,200.0700
2017-09-28,cds_5y_usd,195.6700
2017-09-29,cds_5y_usd,191.8600
2017-10-02,cds_5y_usd,190.4000
2017-10-03,cds_5y_usd,185.5500
2017-10-04,cds_5y_usd,183.4000
2017-10-05,cds_5y_usd,182.3600
2017-10-06,cds_5y_usd,183.7200
2017-10-09,cds_5y_usd,183.7300
2017-10-10,cds_5y_usd,185.1400
2017-10-11,cds_5y_usd,181.0400
2017-10-12,cds_5y_usd,181.2800
2017-10-13,cds_5y_usd,178.3300
2017-10-16,cds_5y_usd,177.9200
2017-10-17,cds_5y_usd,174.4900
2017-10-18,cds_5y_usd,173.3000
2017-10-19,cds_5y_usd,167.6800
2017-10-20,cds_5y_usd,167.7300
2017-10-23,cds_5y_usd,169.6800
2017-10-24,cds_5y_usd,169.5300
2017-10-25,cds_5y_usd,171.1500
2017-10-26,cds_5y_usd,177.9800
2017-10-27,cds_5y_usd,171.3700
2017-10-30,cds_5y_usd,171.1100
2017-10-31,cds_5y_usd,169.4400
2017-11-01,cds_5y_usd,169.2200
2017-11-02,cds_5y_usd,168.4700
2017-11-03,cds_5y_usd,171.4100
2017-11-06,cds_5y_usd,168.7200
2017-11-07,cds_5y_usd,177.4400
2017-11-08,cds_5y_usd,174.5600
2017-11-09,cds_5y_usd,176.2300
2017-11-10,cds_5y_usd,178.2300
2017-11-13,cds_5y_usd,177.7200
2017-11-14,cds_5y_usd,180.8600
2017-11-15,cds_5y_usd,183.2400
2017-11-16,cds_5y_usd,177.7200
2017-11-17,cds_5y_usd,173.0600
2017-11-20,cds_5y_usd,173.1600
2017-11-21,cds_5y_usd,171.9400
2017-11-22,cds_5y_usd,168.9800
2017-11-23,cds_5y_usd,168.9800
2017-11-24,cds_5y_usd,167.0800
2017-11-27,cds_5y_usd,165.3200
2017-11-28,cds_5y_usd,163.9200
2017-11-29,cds_5y_usd,169.0300
2017-11-30,cds_5y_usd,170.2600
2017-12-01,cds_5y_usd,168.7500
2017-12-04,cds_5y_usd,165.1600
2017-12-05,cds_5y_usd,160.0400
2017-12-06,cds_5y_usd,161.4200
2017-12-07,cds_5y_usd,166.2900
2017-12-08,cds_5y_usd,164.8400
2017-12-11,cds_5y_usd,164.8600
2017-12-12,cds_5y_usd,163.8700
2017-12-13,cds_5y_usd,163.8500
2017-12-14,cds_5y_usd,167.3100
2017-12-15,cds_5y_usd,165.3500
2017-12-18,cds_5y_usd,161.9800
2017-12-19,cds_5y_usd,162.2500
2017-12-20,cds_5y_usd,161.7300
2017-12-21,cds_5y_usd,162.7100
2017-12-22,cds_5y_usd,162.4600
2017-12-25,cds_5y_usd,162.4600
2017-12-26,cds_5y_usd,161.9700
2017-12-27,cds_5y_usd,161.4700
2017-12-28,cds_5y_usd,161.5100
2017-12-29,cds_5y_usd,160.2700
2018-01-01,cds_5y_usd,160.2700
2018-01-02,cds_5y_usd,154.2400
2018-01-03,cds_5y_usd,150.8300
2018-01-04,cds_5y_usd,146.4600
2018-01-05,cds_5y_usd,144.7400
2018-01-08,cds_5y_usd,144.7400
2018-01-09,cds_5y_usd,145.0000
2018-01-10,cds_5y_usd,146.2100
2018-01-11,cds_5y_usd,144.9800
2018-01-12,cds_5y_usd,144.5100
2018-01-15,cds_5y_usd,144.5100
2018-01-16,cds_5y_usd,144.5300
2018-01-17,cds_5y_usd,145.2600
2018-01-18,cds_5y_usd,145.7500
2018-01-19,cds_5y_usd,148.6900
2018-01-22,cds_5y_usd,147.4300
2018-01-23,cds_5y_usd,149.3500
2018-01-24,cds_5y_usd,143.9800
2018-01-25,cds_5y_usd,142.0200
2018-01-26,cds_5y_usd,141.0800
2018-01-29,cds_5y_usd,143.0400
2018-01-30,cds_5y_usd,144.5000
2018-01-31,cds_5y_usd,144.0200
2018-02-01,cds_5y_usd,143.7700
2018-02-02,cds_5y_usd,149.3700
2018-02-05,cds_5y_usd,158.0300
2018-02-06,cds_5y_usd,151.3000
2018-02-07,cds_5y_usd,152.7700
2018-02-08,cds_5y_usd,164.8700
2018-02-09,cds_5y_usd,175.5000
2018-02-12,cds_5y_usd,168.2700
2018-02-13,cds_5y_usd,169.2300
2018-02-14,cds_5y_usd,161.0200
2018-02-15,cds_5y_usd,151.2500
2018-02-16,cds_5y_usd,150.4900
2018-02-19,cds_5y_usd,150.4900
2018-02-20,cds_5y_usd,155.5700
2018-02-21,cds_5y_usd,156.5700
2018-02-22,cds_5y_usd,155.0600
2018-02-23,cds_5y_usd,152.6300
2018-02-26,cds_5y_usd,147.8000
2018-02-27,cds_5y_usd,153.1900
2018-02-28,cds_5y_usd,155.5800
2018-03-01,cds_5y_usd,157.9500
2018-03-02,cds_5y_usd,155.0900
2018-03-05,cds_5y_usd,151.2100
2018-03-06,cds_5y_usd,149.5000
2018-03-07,cds_5y_usd,150.7100
2018-03-08,cds_5y_usd,150.7000
2018-03-09,cds_5y_usd,143.4300
2018-03-12,cds_5y_usd,142.7500
2018-03-13,cds_5y_usd,143.4800
2018-03-14,cds_5y_usd,142.9800
2018-03-15,cds_5y_usd,145.4400
2018-03-16,cds_5y_usd,145.4400
2018-03-19,cds_5y_usd,151.7800
2018-03-20,cds_5y_usd,161.9300
2018-03-21,cds_5y_usd,158.3700
2018-03-22,cds_5y_usd,165.5200
2018-03-23,cds_5y_usd,170.8500
2018-03-26,cds_5y_usd,165.3300
2018-03-27,cds_5y_usd,166.1000
2018-03-28,cds_5y_usd,164.7000
2018-03-29,cds_5y_usd,161.5300
2018-03-30,cds_5y_usd,161.5300
2018-04-02,cds_5y_usd,164.4500
2018-04-03,cds_5y_usd,163.0100
2018-04-04,cds_5y_usd,164.2400
2018-04-05,cds_5y_usd,160.3700
2018-04-06,cds_5y_usd,165.6600
2018-04-09,cds_5y_usd,168.1000
2018-04-10,cds_5y_usd,165.2000
2018-04-11,cds_5y_usd,164.4700
2018-04-12,cds_5y_usd,163.5400
2018-04-13,cds_5y_usd,167.8800
2018-04-16,cds_5y_usd,166.9100
2018-04-17,cds_5y_usd,164.7100
2018-04-18,cds_5y_usd,163.2900
2018-04-19,cds_5y_usd,166.1900
2018-04-20,cds_5y_usd,168.8700
2018-04-23,cds_5y_usd,168.1400
2018-04-24,cds_5y_usd,170.0800
2018-04-25,cds_5y_usd,171.0900
2018-04-26,cds_5y_usd,169.8000
2018-04-27,cds_5y_usd,167.3900
2018-04-30,cds_5y_usd,172.5100
2018-05-01,cds_5y_usd,175.4400
2018-05-02,cds_5y_usd,181.7300
2018-05-03,cds_5y_usd,189.7100
2018-05-04,cds_5y_usd,181.2200
2018-05-07,cds_5y_usd,188.5200
2018-05-08,cds_5y_usd,199.6600
2018-05-09,cds_5y_usd,191.9100
2018-05-10,cds_5y_usd,180.7300
2018-05-11,cds_5y_usd,182.7000
2018-05-14,cds_5y_usd,183.2500
2018-05-15,cds_5y_usd,186.2700
2018-05-16,cds_5y_usd,187.2200
2018-05-17,cds_5y_usd,192.5300
2018-05-18,cds_5y_usd,202.1500
2018-05-21,cds_5y_usd,194.0000
2018-05-22,cds_5y_usd,190.1200
2018-05-23,cds_5y_usd,185.6600
2018-05-24,cds_5y_usd,188.6300
2018-05-25,cds_5y_usd,189.8300
2018-05-28,cds_5y_usd,189.8300
2018-05-29,cds_5y_usd,208.6200
2018-05-30,cds_5y_usd,215.7800
2018-05-31,cds_5y_usd,228.2800
2018-06-01,cds_5y_usd,234.7600
2018-06-04,cds_5y_usd,227.9800
2018-06-05,cds_5y_usd,232.6700
2018-06-06,cds_5y_usd,238.6500
2018-06-07,cds_5y_usd,252.4700
2018-06-08,cds_5y_usd,247.2300
2018-06-11,cds_5y_usd,250.1900
2018-06-12,cds_5y_usd,260.8400
2018-06-13,cds_5y_usd,257.9400
2018-06-14,cds_5y_usd,266.3600
2018-06-15,cds_5y_usd,266.8400
2018-06-18,cds_5y_usd,272.1900
2018-06-19,cds_5y_usd,266.7700
2018-06-20,cds_5y_usd,264.4700
2018-06-21,cds_5y_usd,260.2700
2018-06-22,cds_5y_usd,256.9700
2018-06-25,cds_5y_usd,258.8500
2018-06-26,cds_5y_usd,257.8600
2018-06-27,cds_5y_usd,266.8400
2018-06-28,cds_5y_usd,262.5800
2018-06-29,cds_5y_usd,267.9800
2018-07-02,cds_5y_usd,269.4600
2018-07-03,cds_5y_usd,260.6700
2018-07-04,cds_5y_usd,260.8200
2018-07-05,cds_5y_usd,258.8100
2018-07-06,cds_5y_usd,248.0900
2018-07-09,cds_5y_usd,244.3800
2018-07-10,cds_5y_usd,239.4800
2018-07-11,cds_5y_usd,247.6500
2018-07-12,cds_5y_usd,244.3600
2018-07-13,cds_5y_usd,239.6500
2018-07-16,cds_5y_usd,241.6800
2018-07-17,cds_5y_usd,240.4000
2018-07-18,cds_5y_usd,238.2100
2018-07-19,cds_5y_usd,233.7600
2018-07-20,cds_5y_usd,222.0400
2018-07-23,cds_5y_usd,222.5800
2018-07-24,cds_5y_usd,218.8900
2018-07-25,cds_5y_usd,212.1300
2018-07-26,cds_5y_usd,210.6700
2018-07-27,cds_5y_usd,207.5000
2018-07-30,cds_5y_usd,208.7300
2018-07-31,cds_5y_usd,210.6500
2018-08-01,cds_5y_usd,213.0900
2018-08-02,cds_5y_usd,213.5500
2018-08-03,cds_5y_usd,209.1600
2018-08-06,cds_5y_usd,209.1800
2018-08-07,cds_5y_usd,213.6200
2018-08-08,cds_5y_usd,216.5000
2018-08-09,cds_5y_usd,223.7200
2018-08-10,cds_5y_usd,235.2400
2018-08-13,cds_5y_usd,243.4600
2018-08-14,cds_5y_usd,233.2100
2018-08-15,cds_5y_usd,239.0900
2018-08-16,cds_5y_usd,232.1700
2018-08-17,cds_5y_usd,236.5700
2018-08-20,cds_5y_usd,241.8200
2018-08-21,cds_5y_usd,251.2000
2018-08-22,cds_5y_usd,263.2300
2018-08-23,cds_5y_usd,275.5100
2018-08-24,cds_5y_usd,278.9300
2018-08-27,cds_5y_usd,278.5300
2018-08-28,cds_5y_usd,285.8600
2018-08-29,cds_5y_usd,287.2900
2018-08-30,cds_5y_usd,296.0300
2018-08-31,cds_5y_usd,298.9700
2018-09-03,cds_5y_usd,298.9900
2018-09-04,cds_5y_usd,304.9200
2018-09-05,cds_5y_usd,287.3500
2018-09-06,cds_5y_usd,275.5800
2018-09-07,cds_5y_usd,275.2500
2018-09-10,cds_5y_usd,275.6200
2018-09-11,cds_5y_usd,283.9900
2018-09-12,cds_5y_usd,276.6000
2018-09-13,cds_5y_usd,277.1300
2018-09-14,cds_5y_usd,281.1300
2018-09-17,cds_5y_usd,276.6700
2018-09-18,cds_5y_usd,276.2900
2018-09-19,cds_5y_usd,274.2900
2018-09-20,cds_5y_usd,270.0300
2018-09-21,cds_5y_usd,257.1000
2018-09-24,cds_5y_usd,265.1800
2018-09-25,cds_5y_usd,264.2300
2018-09-26,cds_5y_usd,256.4000
2018-09-27,cds_5y_usd,253.5200
2018-09-28,cds_5y_usd,255.1100
2018-10-01,cds_5y_usd,261.5300
2018-10-02,cds_5y_usd,249.8200
2018-10-03,cds_5y_usd,239.9500
2018-10-04,cds_5y_usd,243.4100
2018-10-05,cds_5y_usd,241.9300
2018-10-08,cds_5y_usd,231.7100
2018-10-09,cds_5y_usd,218.4600
2018-10-10,cds_5y_usd,229.5600
2018-10-11,cds_5y_usd,225.1900
2018-10-12,cds_5y_usd,221.8200
2018-10-15,cds_5y_usd,221.3400
2018-10-16,cds_5y_usd,210.2100
2018-10-17,cds_5y_usd,207.8100
2018-10-18,cds_5y_usd,217.5700
2018-10-19,cds_5y_usd,212.0000
2018-10-22,cds_5y_usd,208.0900
2018-10-23,cds_5y_usd,208.0500
2018-10-24,cds_5y_usd,211.4000
2018-10-25,cds_5y_usd,208.1700
2018-10-26,cds_5y_usd,206.6100
2018-10-29,cds_5y_usd,208.6700
2018-10-30,cds_5y_usd,203.3500
2018-10-31,cds_5y_usd,201.4200
2018-11-01,cds_5y_usd,197.9200
2018-11-02,cds_5y_usd,195.0800
2018-11-05,cds_5y_usd,193.0700
2018-11-06,cds_5y_usd,193.5900
2018-11-07,cds_5y_usd,192.6200
2018-11-08,cds_5y_usd,198.0000
2018-11-09,cds_5y_usd,197.7800
2018-11-12,cds_5y_usd,197.9300
2018-11-13,cds_5y_usd,204.6900
2018-11-14,cds_5y_usd,205.6800
2018-11-15,cds_5y_usd,205.4900
2018-11-16,cds_5y_usd,203.9800
2018-11-19,cds_5y_usd,204.9800
2018-11-20,cds_5y_usd,213.3400
2018-11-21,cds_5y_usd,211.3800
2018-11-22,cds_5y_usd,211.3600
2018-11-23,cds_5y_usd,213.7700
2018-11-26,cds_5y_usd,217.2200
2018-11-27,cds_5y_usd,219.6200
2018-11-28,cds_5y_usd,207.9300
2018-11-29,cds_5y_usd,207.4400
2018-11-30,cds_5y_usd,207.4600
2018-12-03,cds_5y_usd,205.5300
2018-12-04,cds_5y_usd,219.6200
2018-12-05,cds_5y_usd,206.9200
2018-12-06,cds_5y_usd,209.3600
2018-12-07,cds_5y_usd,206.1500
2018-12-10,cds_5y_usd,207.1400
2018-12-11,cds_5y_usd,204.8400
2018-12-12,cds_5y_usd,202.8700
2018-12-13,cds_5y_usd,196.6100
2018-12-14,cds_5y_usd,196.5900
2018-12-17,cds_5y_usd,195.1700
2018-12-18,cds_5y_usd,194.9000
2018-12-19,cds_5y_usd,197.3300
2018-12-20,cds_5y_usd,204.7400
2018-12-21,cds_5y_usd,207.5200
2018-12-24,cds_5y_usd,210.7900
2018-12-25,cds_5y_usd,210.7800
2018-12-26,cds_5y_usd,212.5100
2018-12-27,cds_5y_usd,209.9100
2018-12-28,cds_5y_usd,206.7400
2018-12-31,cds_5y_usd,205.3400
2019-01-01,cds_5y_usd,205.3400
2019-01-02,cds_5y_usd,201.2900
2019-01-03,cds_5y_usd,198.6100
2019-01-04,cds_5y_usd,188.8700
2019-01-07,cds_5y_usd,183.1500
2019-01-08,cds_5y_usd,182.7200
2019-01-09,cds_5y_usd,177.9400
2019-01-10,cds_5y_usd,180.9400
2019-01-11,cds_5y_usd,182.3000
2019-01-14,cds_5y_usd,182.3600
2019-01-15,cds_5y_usd,181.7500
2019-01-16,cds_5y_usd,180.1900
2019-01-17,cds_5y_usd,178.8500
2019-01-18,cds_5y_usd,170.8700
2019-01-21,cds_5y_usd,170.8700
2019-01-22,cds_5y_usd,175.1700
2019-01-23,cds_5y_usd,171.7900
2019-01-24,cds_5y_usd,170.5300
2019-01-25,cds_5y_usd,169.7300
2019-01-28,cds_5y_usd,171.0100
2019-01-29,cds_5y_usd,169.4900
2019-01-30,cds_5y_usd,167.6800
2019-01-31,cds_5y_usd,164.1000
2019-02-01,cds_5y_usd,164.7800
2019-02-04,cds_5y_usd,164.1500
2019-02-05,cds_5y_usd,160.2700
2019-02-06,cds_5y_usd,163.8200
2019-02-07,cds_5y_usd,167.4100
2019-02-08,cds_5y_usd,171.2100
2019-02-11,cds_5y_usd,172.8900
2019-02-12,cds_5y_usd,168.2500
2019-02-13,cds_5y_usd,168.6700
2019-02-14,cds_5y_usd,165.4300
2019-02-15,cds_5y_usd,161.8800
2019-02-18,cds_5y_usd,161.8800
2019-02-19,cds_5y_usd,161.8900
2019-02-20,cds_5y_usd,163.1800
2019-02-21,cds_5y_usd,164.9400
2019-02-22,cds_5y_usd,161.4200
2019-02-25,cds_5y_usd,158.0500
2019-02-26,cds_5y_usd,156.0000
2019-02-27,cds_5y_usd,152.8400
2019-02-28,cds_5y_usd,153.3500
2019-03-01,cds_5y_usd,156.4300
2019-03-04,cds_5y_usd,157.1500
2019-03-05,cds_5y_usd,160.9100
2019-03-06,cds_5y_usd,162.6000
2019-03-07,cds_5y_usd,165.0000
2019-03-08,cds_5y_usd,163.5000
2019-03-11,cds_5y_usd,154.8700
2019-03-12,cds_5y_usd,155.2100
2019-03-13,cds_5y_usd,154.3700
2019-03-14,cds_5y_usd,154.9300
2019-03-15,cds_5y_usd,154.5600
2019-03-18,cds_5y_usd,152.4100
2019-03-19,cds_5y_usd,148.2200
2019-03-20,cds_5y_usd,161.0300
2019-03-21,cds_5y_usd,161.9800
2019-03-22,cds_5y_usd,177.2300
2019-03-25,cds_5y_usd,173.6900
2019-03-26,cds_5y_usd,171.1200
2019-03-27,cds_5y_usd,184.7400
2019-03-28,cds_5y_usd,179.7100
2019-03-29,cds_5y_usd,174.5300
2019-04-01,cds_5y_usd,167.9700
2019-04-02,cds_5y_usd,168.2900
2019-04-03,cds_5y_usd,168.9700
2019-04-04,cds_5y_usd,171.0500
2019-04-05,cds_5y_usd,169.8500
2019-04-08,cds_5y_usd,169.5800
2019-04-09,cds_5y_usd,168.7700
2019-04-10,cds_5y_usd,166.7800
2019-04-11,cds_5y_usd,169.4000
2019-04-12,cds_5y_usd,169.4600
2019-04-15,cds_5y_usd,167.4600
2019-04-16,cds_5y_usd,166.6900
2019-04-17,cds_5y_usd,169.7500
2019-04-18,cds_5y_usd,170.3100
2019-04-19,cds_5y_usd,170.3100
2019-04-22,cds_5y_usd,169.5200
2019-04-23,cds_5y_usd,167.7300
2019-04-24,cds_5y_usd,174.6100
2019-04-25,cds_5y_usd,175.3600
2019-04-26,cds_5y_usd,174.0500
2019-04-29,cds_5y_usd,171.6600
2019-04-30,cds_5y_usd,171.4700
2019-05-01,cds_5y_usd,171.7400
2019-05-02,cds_5y_usd,173.2500
2019-05-03,cds_5y_usd,169.4300
2019-05-06,cds_5y_usd,170.5400
2019-05-07,cds_5y_usd,174.6000
2019-05-08,cds_5y_usd,170.9500
2019-05-09,cds_5y_usd,172.2500
2019-05-10,cds_5y_usd,170.8600
2019-05-13,cds_5y_usd,174.7500
2019-05-14,cds_5y_usd,174.5200
2019-05-15,cds_5y_usd,171.9400
2019-05-16,cds_5y_usd,179.4100
2019-05-17,cds_5y_usd,183.9500
2019-05-20,cds_5y_usd,182.3500
2019-05-21,cds_5y_usd,176.0900
2019-05-22,cds_5y_usd,176.4000
2019-05-23,cds_5y_usd,179.3600
2019-05-24,cds_5y_usd,178.2000
2019-05-27,cds_5y_usd,178.2100
2019-05-28,cds_5y_usd,178.9500
2019-05-29,cds_5y_usd,178.8100
2019-05-30,cds_5y_usd,177.7200
2019-05-31,cds_5y_usd,178.1800
2019-06-03,cds_5y_usd,177.6100
2019-06-04,cds_5y_usd,170.7400
2019-06-05,cds_5y_usd,172.9700
2019-06-06,cds_5y_usd,171.9800
2019-06-07,cds_5y_usd,167.9800
2019-06-10,cds_5y_usd,167.2800
2019-06-11,cds_5y_usd,166.1200
2019-06-12,cds_5y_usd,164.1300
2019-06-13,cds_5y_usd,162.2600
2019-06-14,cds_5y_usd,164.1400
2019-06-17,cds_5y_usd,164.1300
2019-06-18,cds_5y_usd,157.1500
2019-06-19,cds_5y_usd,153.6600
2019-06-20,cds_5y_usd,147.6400
2019-06-21,cds_5y_usd,148.9700
2019-06-24,cds_5y_usd,150.3400
2019-06-25,cds_5y_usd,151.0900
2019-06-26,cds_5y_usd,151.8800
2019-06-27,cds_5y_usd,149.3500
2019-06-28,cds_5y_usd,149.1800
2019-07-01,cds_5y_usd,146.1200
2019-07-02,cds_5y_usd,146.3500
2019-07-03,cds_5y_usd,146.0900
2019-07-04,cds_5y_usd,146.0900
2019-07-05,cds_5y_usd,144.6900
2019-07-08,cds_5y_usd,143.1000
2019-07-09,cds_5y_usd,135.4000
2019-07-10,cds_5y_usd,130.2400
2019-07-11,cds_5y_usd,129.3600
2019-07-12,cds_5y_usd,127.7500
2019-07-15,cds_5y_usd,127.3500
2019-07-16,cds_5y_usd,128.5600
2019-07-17,cds_5y_usd,128.9100
2019-07-18,cds_5y_usd,127.9800
2019-07-19,cds_5y_usd,127.7000
2019-07-22,cds_5y_usd,127.3100
2019-07-23,cds_5y_usd,126.6700
2019-07-24,cds_5y_usd,125.2900
2019-07-25,cds_5y_usd,124.3000
2019-07-26,cds_5y_usd,123.1600
2019-07-29,cds_5y_usd,124.0700
2019-07-30,cds_5y_usd,125.4700
2019-07-31,cds_5y_usd,126.2000
2019-08-01,cds_5y_usd,126.9800
2019-08-02,cds_5y_usd,132.2200
2019-08-05,cds_5y_usd,142.4500
2019-08-06,cds_5y_usd,137.4900
2019-08-07,cds_5y_usd,138.5400
2019-08-08,cds_5y_usd,129.4600
2019-08-09,cds_5y_usd,130.0600
2019-08-12,cds_5y_usd,136.5000
2019-08-13,cds_5y_usd,132.5400
2019-08-14,cds_5y_usd,141.2900
2019-08-15,cds_5y_usd,140.0500
2019-08-16,cds_5y_usd,137.4700
2019-08-19,cds_5y_usd,138.4100
2019-08-20,cds_5y_usd,138.8100
2019-08-21,cds_5y_usd,136.5000
2019-08-22,cds_5y_usd,135.5200
2019-08-23,cds_5y_usd,136.7800
2019-08-26,cds_5y_usd,141.0300
2019-08-27,cds_5y_usd,140.3300
2019-08-28,cds_5y_usd,139.5300
2019-08-29,cds_5y_usd,138.1600
2019-08-30,cds_5y_usd,133.6800
2019-09-02,cds_5y_usd,133.6700
2019-09-03,cds_5y_usd,131.7400
2019-09-04,cds_5y_usd,126.5100
2019-09-05,cds_5y_usd,125.7000
2019-09-06,cds_5y_usd,123.4900
2019-09-09,cds_5y_usd,123.5700
2019-09-10,cds_5y_usd,122.6100
2019-09-11,cds_5y_usd,123.9000
2019-09-12,cds_5y_usd,123.0700
2019-09-13,cds_5y_usd,123.0700
2019-09-16,cds_5y_usd,121.5700
2019-09-17,cds_5y_usd,119.6300
2019-09-18,cds_5y_usd,119.5800
2019-09-19,cds_5y_usd,118.0400
2019-09-20,cds_5y_usd,130.4400
2019-09-23,cds_5y_usd,130.6000
2019-09-24,cds_5y_usd,137.1100
2019-09-25,cds_5y_usd,137.0900
2019-09-26,cds_5y_usd,136.5200
2019-09-27,cds_5y_usd,137.1900
2019-09-30,cds_5y_usd,136.2300
2019-10-01,cds_5y_usd,136.2200
2019-10-02,cds_5y_usd,138.7400
2019-10-03,cds_5y_usd,137.1100
2019-10-04,cds_5y_usd,137.2000
2019-10-07,cds_5y_usd,139.2100
2019-10-08,cds_5y_usd,142.4300
2019-10-09,cds_5y_usd,139.8000
2019-10-10,cds_5y_usd,137.1300
2019-10-11,cds_5y_usd,133.3700
2019-10-14,cds_5y_usd,133.3700
2019-10-15,cds_5y_usd,130.9300
2019-10-16,cds_5y_usd,131.3100
2019-10-17,cds_5y_usd,129.6900
2019-10-18,cds_5y_usd,128.8100
2019-10-21,cds_5y_usd,127.4500
2019-10-22,cds_5y_usd,126.5000
2019-10-23,cds_5y_usd,123.4900
2019-10-24,cds_5y_usd,121.5400
2019-10-25,cds_5y_usd,118.7100
2019-10-28,cds_5y_usd,117.1500
2019-10-29,cds_5y_usd,117.1400
2019-10-30,cds_5y_usd,118.0300
2019-10-31,cds_5y_usd,121.3100
2019-11-01,cds_5y_usd,116.6700
2019-11-04,cds_5y_usd,114.9400
2019-11-05,cds_5y_usd,115.2500
2019-11-06,cds_5y_usd,118.6100
2019-11-07,cds_5y_usd,115.7600
2019-11-08,cds_5y_usd,117.1800
2019-11-11,cds_5y_usd,117.1800
2019-11-12,cds_5y_usd,120.1800
2019-11-13,cds_5y_usd,120.6300
2019-11-14,cds_5y_usd,121.4500
2019-11-15,cds_5y_usd,121.5300
2019-11-18,cds_5y_usd,123.7300
2019-11-19,cds_5y_usd,126.3300
2019-11-20,cds_5y_usd,127.8600
2019-11-21,cds_5y_usd,126.6300
2019-11-22,cds_5y_usd,124.0600
2019-11-25,cds_5y_usd,123.9700
2019-11-26,cds_5y_usd,123.3600
2019-11-27,cds_5y_usd,123.5900
2019-11-28,cds_5y_usd,123.5900
2019-11-29,cds_5y_usd,124.1400
2019-12-02,cds_5y_usd,124.8800
2019-12-03,cds_5y_usd,124.9200
2019-12-04,cds_5y_usd,122.1800
2019-12-05,cds_5y_usd,120.6300
2019-12-06,cds_5y_usd,117.4200
2019-12-09,cds_5y_usd,116.4700
2019-12-10,cds_5y_usd,113.9900
2019-12-11,cds_5y_usd,108.3800
2019-12-12,cds_5y_usd,101.2300
2019-12-13,cds_5y_usd,100.7700
2019-12-16,cds_5y_usd,97.2900
2019-12-17,cds_5y_usd,96.8000
2019-12-18,cds_5y_usd,98.6200
2019-12-19,cds_5y_usd,103.1600
2019-12-20,cds_5y_usd,103.5800
2019-12-23,cds_5y_usd,103.5100
2019-12-24,cds_5y_usd,103.4000
2019-12-25,cds_5y_usd,103.4000
2019-12-26,cds_5y_usd,102.0100
2019-12-27,cds_5y_usd,99.9700
2019-12-30,cds_5y_usd,99.5200
2019-12-31,cds_5y_usd,99.1100
2020-01-01,cds_5y_usd,99.1100
2020-01-02,cds_5y_usd,97.4500
2020-01-03,cds_5y_usd,99.3800
2020-01-06,cds_5y_usd,98.4200
2020-01-07,cds_5y_usd,98.6800
2020-01-08,cds_5y_usd,97.3400
2020-01-09,cds_5y_usd,97.1100
2020-01-10,cds_5y_usd,98.8100
2020-01-13,cds_5y_usd,99.9800
2020-01-14,cds_5y_usd,101.0800
2020-01-15,cds_5y_usd,100.2000
2020-01-16,cds_5y_usd,97.1100
2020-01-17,cds_5y_usd,97.8800
2020-01-20,cds_5y_usd,97.8800
2020-01-21,cds_5y_usd,98.6200
2020-01-22,cds_5y_usd,98.0200
2020-01-23,cds_5y_usd,99.5000
2020-01-24,cds_5y_usd,101.9000
2020-01-27,cds_5y_usd,106.4700
2020-01-28,cds_5y_usd,99.1900
2020-01-29,cds_5y_usd,96.1800
2020-01-30,cds_5y_usd,100.5200
2020-01-31,cds_5y_usd,104.5600
2020-02-03,cds_5y_usd,102.6700
2020-02-04,cds_5y_usd,98.7200
2020-02-05,cds_5y_usd,96.0600
2020-02-06,cds_5y_usd,96.3700
2020-02-07,cds_5y_usd,100.3400
2020-02-10,cds_5y_usd,100.0900
2020-02-11,cds_5y_usd,97.9800
2020-02-12,cds_5y_usd,96.8900
2020-02-13,cds_5y_usd,97.0200
2020-02-14,cds_5y_usd,93.2600
2020-02-17,cds_5y_usd,93.2600
2020-02-18,cds_5y_usd,92.5100
2020-02-19,cds_5y_usd,92.0600
2020-02-20,cds_5y_usd,92.5200
2020-02-21,cds_5y_usd,92.9600
2020-02-24,cds_5y_usd,99.4600
2020-02-25,cds_5y_usd,106.9500
2020-02-26,cds_5y_usd,110.7600
2020-02-27,cds_5y_usd,124.9100
2020-02-28,cds_5y_usd,134.6600
2020-03-02,cds_5y_usd,125.2500
2020-03-03,cds_5y_usd,120.5400
2020-03-04,cds_5y_usd,110.4900
2020-03-05,cds_5y_usd,132.3500
2020-03-06,cds_5y_usd,142.1500
2020-03-09,cds_5y_usd,142.1400
2020-03-10,cds_5y_usd,173.6500
2020-03-11,cds_5y_usd,222.1200
2020-03-12,cds_5y_usd,290.1000
2020-03-13,cds_5y_usd,248.9200
2020-03-16,cds_5y_usd,311.9200
2020-03-17,cds_5y_usd,300.1800
2020-03-18,cds_5y_usd,376.5300
2020-03-19,cds_5y_usd,342.5500
2020-03-20,cds_5y_usd,340.5300
2020-03-23,cds_5y_usd,360.5600
2020-03-24,cds_5y_usd,298.4100
2020-03-25,cds_5y_usd,221.1900
2020-03-26,cds_5y_usd,226.0400
2020-03-27,cds_5y_usd,259.8100
2020-03-30,cds_5y_usd,264.8700
2020-03-31,cds_5y_usd,264.8500
2020-04-01,cds_5y_usd,327.7900
2020-04-02,cds_5y_usd,327.8400
2020-04-03,cds_5y_usd,347.1000
2020-04-06,cds_5y_usd,332.8800
2020-04-07,cds_5y_usd,313.5200
2020-04-08,cds_5y_usd,313.4700
2020-04-09,cds_5y_usd,255.1800
2020-04-10,cds_5y_usd,255.1800
2020-04-13,cds_5y_usd,265.0900
2020-04-14,cds_5y_usd,265.1300
2020-04-15,cds_5y_usd,289.1300
2020-04-16,cds_5y_usd,294.1600
2020-04-17,cds_5y_usd,284.4400
2020-04-20,cds_5y_usd,289.2300
2020-04-21,cds_5y_usd,313.2900
2020-04-22,cds_5y_usd,313.3100
2020-04-23,cds_5y_usd,323.1200
2020-04-24,cds_5y_usd,361.6200
2020-04-27,cds_5y_usd,366.6500
2020-04-28,cds_5y_usd,346.9900
2020-04-29,cds_5y_usd,313.3200
2020-04-30,cds_5y_usd,298.9100
2020-05-01,cds_5y_usd,313.4700
2020-05-04,cds_5y_usd,313.4400
2020-05-05,cds_5y_usd,308.9300
2020-05-06,cds_5y_usd,323.4500
2020-05-07,cds_5y_usd,318.3200
2020-05-08,cds_5y_usd,309.0500
2020-05-11,cds_5y_usd,309.1000
2020-05-12,cds_5y_usd,323.4900
2020-05-13,cds_5y_usd,338.1600
2020-05-14,cds_5y_usd,337.7900
2020-05-15,cds_5y_usd,337.8900
2020-05-18,cds_5y_usd,318.6500
2020-05-19,cds_5y_usd,323.2700
2020-05-20,cds_5y_usd,308.8600
2020-05-21,cds_5y_usd,294.3000
2020-05-22,cds_5y_usd,304.0100
2020-05-25,cds_5y_usd,304.0200
2020-05-26,cds_5y_usd,270.4500
2020-05-27,cds_5y_usd,265.5800
2020-05-28,cds_5y_usd,265.5800
2020-05-29,cds_5y_usd,284.7900
2020-06-01,cds_5y_usd,270.3400
2020-06-02,cds_5y_usd,241.3200
2020-06-03,cds_5y_usd,223.9100
2020-06-04,cds_5y_usd,224.5700
2020-06-05,cds_5y_usd,202.7000
2020-06-08,cds_5y_usd,205.4900
2020-06-09,cds_5y_usd,217.1400
2020-06-10,cds_5y_usd,221.3000
2020-06-11,cds_5y_usd,270.6900
2020-06-12,cds_5y_usd,260.9900
2020-06-15,cds_5y_usd,258.0900
2020-06-16,cds_5y_usd,243.9300
2020-06-17,cds_5y_usd,253.9800
2020-06-18,cds_5y_usd,260.6600
2020-06-19,cds_5y_usd,259.0700
2020-06-22,cds_5y_usd,259.0900
2020-06-23,cds_5y_usd,246.3800
2020-06-24,cds_5y_usd,258.1300
2020-06-25,cds_5y_usd,256.1800
2020-06-26,cds_5y_usd,262.9400
2020-06-29,cds_5y_usd,260.0500
2020-06-30,cds_5y_usd,251.3600
2020-07-01,cds_5y_usd,234.7800
2020-07-02,cds_5y_usd,224.9700
2020-07-03,cds_5y_usd,224.1800
2020-07-06,cds_5y_usd,222.0300
2020-07-07,cds_5y_usd,226.5700
2020-07-08,cds_5y_usd,231.4900
2020-07-09,cds_5y_usd,235.4200
2020-07-10,cds_5y_usd,238.3000
2020-07-13,cds_5y_usd,234.9400
2020-07-14,cds_5y_usd,237.1300
2020-07-15,cds_5y_usd,234.8500
2020-07-16,cds_5y_usd,237.6300
2020-07-17,cds_5y_usd,228.4600
2020-07-20,cds_5y_usd,221.2900
2020-07-21,cds_5y_usd,209.0200
2020-07-22,cds_5y_usd,201.0100
2020-07-23,cds_5y_usd,216.1700
2020-07-24,cds_5y_usd,225.2000
2020-07-27,cds_5y_usd,220.8500
2020-07-28,cds_5y_usd,221.2500
2020-07-29,cds_5y_usd,216.2100
2020-07-30,cds_5y_usd,219.1600
2020-07-31,cds_5y_usd,215.2200
2020-08-03,cds_5y_usd,215.1700
2020-08-04,cds_5y_usd,218.8700
2020-08-05,cds_5y_usd,216.2500
2020-08-06,cds_5y_usd,213.3600
2020-08-07,cds_5y_usd,213.3200
2020-08-10,cds_5y_usd,208.7700
2020-08-11,cds_5y_usd,204.8900
2020-08-12,cds_5y_usd,207.0700
2020-08-13,cds_5y_usd,218.4200
2020-08-14,cds_5y_usd,224.7400
2020-08-17,cds_5y_usd,227.9900
2020-08-18,cds_5y_usd,222.4500
2020-08-19,cds_5y_usd,224.1200
2020-08-20,cds_5y_usd,231.6700
2020-08-21,cds_5y_usd,222.6900
2020-08-24,cds_5y_usd,216.0600
2020-08-25,cds_5y_usd,212.8800
2020-08-26,cds_5y_usd,222.1900
2020-08-27,cds_5y_usd,220.2900
2020-08-28,cds_5y_usd,211.6400
2020-08-31,cds_5y_usd,212.0100
2020-09-01,cds_5y_usd,200.7700
2020-09-02,cds_5y_usd,193.6400
2020-09-03,cds_5y_usd,199.9400
2020-09-04,cds_5y_usd,204.9400
2020-09-07,cds_5y_usd,204.9400
2020-09-08,cds_5y_usd,210.5400
2020-09-09,cds_5y_usd,205.4300
2020-09-10,cds_5y_usd,198.9800
2020-09-11,cds_5y_usd,200.6400
2020-09-14,cds_5y_usd,198.9600
2020-09-15,cds_5y_usd,196.2700
2020-09-16,cds_5y_usd,195.6900
2020-09-17,cds_5y_usd,197.0400
2020-09-18,cds_5y_usd,201.3400
2020-09-21,cds_5y_usd,227.3200
2020-09-22,cds_5y_usd,232.2300
2020-09-23,cds_5y_usd,242.6100
2020-09-24,cds_5y_usd,251.0600
2020-09-25,cds_5y_usd,248.5100
2020-09-28,cds_5y_usd,247.1400
2020-09-29,cds_5y_usd,251.1100
2020-09-30,cds_5y_usd,246.9300
2020-10-01,cds_5y_usd,243.5400
2020-10-02,cds_5y_usd,243.6100
2020-10-05,cds_5y_usd,231.2500
2020-10-06,cds_5y_usd,228.8500
2020-10-07,cds_5y_usd,224.8500
2020-10-08,cds_5y_usd,221.1300
2020-10-09,cds_5y_usd,213.8700
2020-10-12,cds_5y_usd,213.8700
2020-10-13,cds_5y_usd,216.4800
2020-10-14,cds_5y_usd,220.3200
2020-10-15,cds_5y_usd,221.2000
2020-10-16,cds_5y_usd,217.1100
2020-10-19,cds_5y_usd,217.2800
2020-10-20,cds_5y_usd,215.3800
2020-10-21,cds_5y_usd,212.6800
2020-10-22,cds_5y_usd,214.2200
2020-10-23,cds_5y_usd,209.6500
2020-10-26,cds_5y_usd,212.2600
2020-10-27,cds_5y_usd,210.4800
2020-10-28,cds_5y_usd,218.3100
2020-10-29,cds_5y_usd,216.1200
2020-10-30,cds_5y_usd,215.3300
2020-11-02,cds_5y_usd,215.5100
2020-11-03,cds_5y_usd,209.4300
2020-11-04,cds_5y_usd,203.6800
2020-11-05,cds_5y_usd,191.5900
2020-11-06,cds_5y_usd,186.9400
2020-11-09,cds_5y_usd,164.7400
2020-11-10,cds_5y_usd,165.7000
2020-11-12,cds_5y_usd,177.3400
2020-11-13,cds_5y_usd,179.6700
2020-11-16,cds_5y_usd,175.4400
2020-11-17,cds_5y_usd,176.2100
2020-11-18,cds_5y_usd,173.0200
2020-11-19,cds_5y_usd,173.7400
2020-11-20,cds_5y_usd,172.5100
2020-11-23,cds_5y_usd,171.6700
2020-11-24,cds_5y_usd,167.0800
2020-11-25,cds_5y_usd,166.3600
2020-11-26,cds_5y_usd,166.3700
2020-11-27,cds_5y_usd,163.8600
2020-11-30,cds_5y_usd,165.4900
2020-12-01,cds_5y_usd,155.9600
2020-12-02,cds_5y_usd,155.7300
2020-12-03,cds_5y_usd,152.9200
2020-12-04,cds_5y_usd,151.9300
2020-12-07,cds_5y_usd,154.3400
2020-12-08,cds_5y_usd,154.2200
2020-12-09,cds_5y_usd,154.6200
2020-12-10,cds_5y_usd,153.4700
2020-12-11,cds_5y_usd,153.7000
2020-12-14,cds_5y_usd,150.4200
2020-12-15,cds_5y_usd,149.2300
2020-12-16,cds_5y_usd,148.7300
2020-12-17,cds_5y_usd,146.8600
2020-12-18,cds_5y_usd,148.7600
2020-12-21,cds_5y_usd,150.6200
2020-12-22,cds_5y_usd,149.2700
2020-12-23,cds_5y_usd,146.8800
2020-12-24,cds_5y_usd,144.8300
2020-12-25,cds_5y_usd,144.8300
2020-12-28,cds_5y_usd,144.1000
2020-12-29,cds_5y_usd,142.4800
2020-12-30,cds_5y_usd,142.2300
2020-12-31,cds_5y_usd,141.6000
2021-01-01,cds_5y_usd,141.6000
2021-01-04,cds_5y_usd,140.9800
2021-01-05,cds_5y_usd,146.4000
2021-01-06,cds_5y_usd,146.8900
2021-01-07,cds_5y_usd,151.7400
2021-01-08,cds_5y_usd,155.0000
2021-01-11,cds_5y_usd,160.3600
2021-01-12,cds_5y_usd,161.4400
2021-01-13,cds_5y_usd,157.6900
2021-01-14,cds_5y_usd,159.3500
2021-01-15,cds_5y_usd,167.7600
2021-01-18,cds_5y_usd,167.7600
2021-01-19,cds_5y_usd,168.2100
2021-01-20,cds_5y_usd,165.7400
2021-01-21,cds_5y_usd,168.6300
2021-01-22,cds_5y_usd,171.9300
2021-01-25,cds_5y_usd,176.9000
2021-01-26,cds_5y_usd,175.2400
2021-01-27,cds_5y_usd,176.8100
2021-01-28,cds_5y_usd,170.1400
2021-01-29,cds_5y_usd,171.6700
2021-02-01,cds_5y_usd,166.2200
2021-02-02,cds_5y_usd,156.9200
2021-02-03,cds_5y_usd,152.1600
2021-02-04,cds_5y_usd,149.1600
2021-02-05,cds_5y_usd,147.6200
2021-02-08,cds_5y_usd,149.0300
2021-02-09,cds_5y_usd,155.6100
2021-02-10,cds_5y_usd,154.9800
2021-02-11,cds_5y_usd,152.9800
2021-02-12,cds_5y_usd,152.8000
2021-02-15,cds_5y_usd,153.0600
2021-02-16,cds_5y_usd,155.3400
2021-02-17,cds_5y_usd,157.5900
2021-02-18,cds_5y_usd,158.8200
2021-02-19,cds_5y_usd,162.0700
2021-02-22,cds_5y_usd,180.8900
2021-02-23,cds_5y_usd,175.6300
2021-02-24,cds_5y_usd,170.7300
2021-02-25,cds_5y_usd,185.0100
2021-02-26,cds_5y_usd,193.8700
2021-03-01,cds_5y_usd,183.7400
2021-03-02,cds_5y_usd,192.9900
2021-03-03,cds_5y_usd,191.4100
2021-03-04,cds_5y_usd,193.6900
2021-03-05,cds_5y_usd,194.2200
2021-03-08,cds_5y_usd,212.2900
2021-03-09,cds_5y_usd,211.6100
2021-03-10,cds_5y_usd,208.7800
2021-03-11,cds_5y_usd,195.9900
2021-03-12,cds_5y_usd,198.6000
2021-03-15,cds_5y_usd,200.1800
2021-03-16,cds_5y_usd,198.0000
2021-03-17,cds_5y_usd,193.8400
2021-03-18,cds_5y_usd,195.0600
2021-03-19,cds_5y_usd,190.0800
2021-03-22,cds_5y_usd,196.6200
2021-03-23,cds_5y_usd,203.1000
2021-03-24,cds_5y_usd,207.9800
2021-03-25,cds_5y_usd,216.5400
2021-03-26,cds_5y_usd,218.2400
2021-03-29,cds_5y_usd,225.0600
2021-03-30,cds_5y_usd,228.1500
2021-03-31,cds_5y_usd,221.5000
2021-04-01,cds_5y_usd,220.8000
2021-04-02,cds_5y_usd,221.1900
2021-04-05,cds_5y_usd,220.9600
2021-04-06,cds_5y_usd,216.3000
2021-04-07,cds_5y_usd,220.9800
2021-04-08,cds_5y_usd,218.1400
2021-04-09,cds_5y_usd,218.7000
2021-04-12,cds_5y_usd,219.1600
2021-04-13,cds_5y_usd,216.8600
2021-04-14,cds_5y_usd,214.2700
2021-04-15,cds_5y_usd,206.4700
2021-04-16,cds_5y_usd,199.0900
2021-04-19,cds_5y_usd,194.6600
2021-04-20,cds_5y_usd,197.1300
2021-04-21,cds_5y_usd,195.5600
2021-04-22,cds_5y_usd,191.5400
2021-04-23,cds_5y_usd,188.6300
2021-04-26,cds_5y_usd,189.7900
2021-04-27,cds_5y_usd,192.9700
2021-04-28,cds_5y_usd,191.5100
2021-04-29,cds_5y_usd,188.8900
2021-04-30,cds_5y_usd,189.5600
2021-05-03,cds_5y_usd,190.7800
2021-05-04,cds_5y_usd,192.7700
2021-05-05,cds_5y_usd,190.1100
2021-05-06,cds_5y_usd,183.3900
2021-05-07,cds_5y_usd,174.9800
2021-05-10,cds_5y_usd,171.2800
2021-05-11,cds_5y_usd,173.3800
2021-05-12,cds_5y_usd,177.7900
2021-05-13,cds_5y_usd,176.6600
2021-05-14,cds_5y_usd,174.4400
2021-05-17,cds_5y_usd,175.8800
2021-05-18,cds_5y_usd,178.0100
2021-05-19,cds_5y_usd,180.2100
2021-05-20,cds_5y_usd,176.4200
2021-05-21,cds_5y_usd,177.1100
2021-05-24,cds_5y_usd,176.4900
2021-05-25,cds_5y_usd,176.0900
2021-05-26,cds_5y_usd,174.4300
2021-05-27,cds_5y_usd,171.6000
2021-05-28,cds_5y_usd,170.7900
2021-05-31,cds_5y_usd,170.8100
2021-06-01,cds_5y_usd,166.9600
2021-06-02,cds_5y_usd,163.2200
2021-06-03,cds_5y_usd,164.3700
2021-06-04,cds_5y_usd,162.2300
2021-06-07,cds_5y_usd,161.7400
2021-06-08,cds_5y_usd,160.8600
2021-06-09,cds_5y_usd,159.3300
2021-06-10,cds_5y_usd,158.9100
2021-06-11,cds_5y_usd,158.8900
2021-06-14,cds_5y_usd,161.3500
2021-06-15,cds_5y_usd,161.9100
2021-06-16,cds_5y_usd,163.3800
2021-06-17,cds_5y_usd,163.4100
2021-06-18,cds_5y_usd,166.2100
2021-06-21,cds_5y_usd,164.8300
2021-06-22,cds_5y_usd,163.9700
2021-06-23,cds_5y_usd,161.7400
2021-06-24,cds_5y_usd,159.0400
2021-06-25,cds_5y_usd,157.1900
2021-06-28,cds_5y_usd,157.8200
2021-06-29,cds_5y_usd,159.5900
2021-06-30,cds_5y_usd,164.4700
2021-07-01,cds_5y_usd,165.5200
2021-07-02,cds_5y_usd,164.2800
2021-07-05,cds_5y_usd,164.3100
2021-07-06,cds_5y_usd,168.0100
2021-07-07,cds_5y_usd,169.6500
2021-07-08,cds_5y_usd,173.6500
2021-07-09,cds_5y_usd,172.6500
2021-07-12,cds_5y_usd,172.6200
2021-07-13,cds_5y_usd,175.9000
2021-07-14,cds_5y_usd,171.6300
2021-07-15,cds_5y_usd,173.3700
2021-07-16,cds_5y_usd,173.1700
2021-07-19,cds_5y_usd,178.2100
2021-07-20,cds_5y_usd,174.6700
2021-07-21,cds_5y_usd,172.4900
2021-07-22,cds_5y_usd,172.5300
2021-07-23,cds_5y_usd,171.5400
2021-07-26,cds_5y_usd,172.4200
2021-07-27,cds_5y_usd,175.1800
2021-07-28,cds_5y_usd,174.6500
2021-07-29,cds_5y_usd,171.4500
2021-07-30,cds_5y_usd,174.6400
2021-08-02,cds_5y_usd,175.7900
2021-08-03,cds_5y_usd,176.7700
2021-08-04,cds_5y_usd,177.5800
2021-08-05,cds_5y_usd,179.8200
2021-08-06,cds_5y_usd,181.2300
2021-08-09,cds_5y_usd,183.0700
2021-08-10,cds_5y_usd,183.6900
2021-08-11,cds_5y_usd,181.8900
2021-08-12,cds_5y_usd,178.0200
2021-08-13,cds_5y_usd,177.4200
2021-08-16,cds_5y_usd,178.3400
2021-08-17,cds_5y_usd,180.9100
2021-08-18,cds_5y_usd,184.0500
2021-08-19,cds_5y_usd,188.2000
2021-08-20,cds_5y_usd,188.0300
2021-08-23,cds_5y_usd,186.2900
2021-08-24,cds_5y_usd,182.7600
2021-08-25,cds_5y_usd,179.9500
2021-08-26,cds_5y_usd,179.7400
2021-08-27,cds_5y_usd,175.6400
2021-08-30,cds_5y_usd,172.9800
2021-08-31,cds_5y_usd,174.6800
2021-09-01,cds_5y_usd,175.3100
2021-09-02,cds_5y_usd,173.9000
2021-09-03,cds_5y_usd,173.6000
2021-09-06,cds_5y_usd,173.6000
2021-09-07,cds_5y_usd,174.8700
2021-09-08,cds_5y_usd,178.4500
2021-09-09,cds_5y_usd,180.4600
2021-09-10,cds_5y_usd,176.3900
2021-09-13,cds_5y_usd,177.0100
2021-09-14,cds_5y_usd,177.4700
2021-09-15,cds_5y_usd,176.8800
2021-09-16,cds_5y_usd,177.5200
2021-09-17,cds_5y_usd,178.4100
2021-09-20,cds_5y_usd,196.7000
2021-09-21,cds_5y_usd,194.6400
2021-09-22,cds_5y_usd,193.0800
2021-09-23,cds_5y_usd,192.0700
2021-09-24,cds_5y_usd,197.2200
2021-09-27,cds_5y_usd,199.7000
2021-09-28,cds_5y_usd,204.6700
2021-09-29,cds_5y_usd,203.1000
2021-09-30,cds_5y_usd,203.0000
2021-10-01,cds_5y_usd,201.1600
2021-10-04,cds_5y_usd,205.5400
2021-10-05,cds_5y_usd,204.7100
2021-10-06,cds_5y_usd,205.8200
2021-10-07,cds_5y_usd,202.0000
2021-10-08,cds_5y_usd,203.2600
2021-10-11,cds_5y_usd,203.2700
2021-10-12,cds_5y_usd,208.2300
2021-10-13,cds_5y_usd,207.7000
2021-10-14,cds_5y_usd,201.5300
2021-10-15,cds_5y_usd,200.0500
2021-10-18,cds_5y_usd,202.3200
2021-10-19,cds_5y_usd,207.8600
2021-10-20,cds_5y_usd,210.7100
2021-10-21,cds_5y_usd,223.7300
2021-10-22,cds_5y_usd,235.9000
2021-10-25,cds_5y_usd,224.2900
2021-10-26,cds_5y_usd,224.0600
2021-10-27,cds_5y_usd,226.6100
2021-10-28,cds_5y_usd,231.8800
2021-10-29,cds_5y_usd,244.1700
2021-11-01,cds_5y_usd,248.5400
2021-11-02,cds_5y_usd,250.1700
2021-11-03,cds_5y_usd,247.9300
2021-11-04,cds_5y_usd,237.6800
2021-11-05,cds_5y_usd,233.1800
2021-11-08,cds_5y_usd,232.5400
2021-11-09,cds_5y_usd,231.1000
2021-11-10,cds_5y_usd,234.0800
2021-11-11,cds_5y_usd,233.9500
2021-11-12,cds_5y_usd,232.3900
2021-11-15,cds_5y_usd,233.2200
2021-11-16,cds_5y_usd,234.8800
2021-11-17,cds_5y_usd,236.2100
2021-11-18,cds_5y_usd,234.9300
2021-11-19,cds_5y_usd,234.7000
2021-11-22,cds_5y_usd,238.5600
2021-11-23,cds_5y_usd,243.3700
2021-11-24,cds_5y_usd,245.4200
2021-11-25,cds_5y_usd,245.4300
2021-11-26,cds_5y_usd,263.4500
2021-11-29,cds_5y_usd,253.5200
2021-11-30,cds_5y_usd,254.2600
2021-12-01,cds_5y_usd,245.2600
2021-12-02,cds_5y_usd,235.0800
2021-12-03,cds_5y_usd,234.1400
2021-12-06,cds_5y_usd,229.7600
2021-12-07,cds_5y_usd,217.8800
2021-12-08,cds_5y_usd,212.5200
2021-12-09,cds_5y_usd,218.5800
2021-12-10,cds_5y_usd,218.1900
2021-12-13,cds_5y_usd,219.3800
2021-12-14,cds_5y_usd,220.7900
2021-12-15,cds_5y_usd,218.9200
2021-12-16,cds_5y_usd,218.5200
2021-12-17,cds_5y_usd,221.2000
2021-12-20,cds_5y_usd,223.0400
2021-12-21,cds_5y_usd,217.9700
2021-12-22,cds_5y_usd,215.4000
2021-12-23,cds_5y_usd,209.0600
2021-12-24,cds_5y_usd,208.7300
2021-12-27,cds_5y_usd,205.9100
2021-12-28,cds_5y_usd,205.1500
2021-12-29,cds_5y_usd,204.2800
2021-12-30,cds_5y_usd,203.9900
2021-12-31,cds_5y_usd,201.8600
2022-01-03,cds_5y_usd,201.5000
2022-01-04,cds_5y_usd,199.7500
2022-01-05,cds_5y_usd,202.4600
2022-01-06,cds_5y_usd,209.4700
2022-01-07,cds_5y_usd,209.4500
2022-01-10,cds_5y_usd,210.3400
2022-01-11,cds_5y_usd,211.3500
2022-01-12,cds_5y_usd,208.2700
2022-01-13,cds_5y_usd,208.3100
2022-01-14,cds_5y_usd,217.0000
2022-01-17,cds_5y_usd,220.2400
2022-01-18,cds_5y_usd,220.2500
2022-01-19,cds_5y_usd,224.2100
2022-01-20,cds_5y_usd,220.2400
2022-01-21,cds_5y_usd,224.2100
2022-01-24,cds_5y_usd,217.9600
2022-01-25,cds_5y_usd,220.9300
2022-01-26,cds_5y_usd,222.0600
2022-01-27,cds_5y_usd,223.3500
2022-01-28,cds_5y_usd,226.0100
2022-01-31,cds_5y_usd,226.8100
2022-02-01,cds_5y_usd,224.0000
2022-02-02,cds_5y_usd,215.2000
2022-02-03,cds_5y_usd,212.2300
2022-02-04,cds_5y_usd,217.3700
2022-02-07,cds_5y_usd,220.4800
2022-02-08,cds_5y_usd,220.1100
2022-02-09,cds_5y_usd,219.2700
2022-02-10,cds_5y_usd,214.3000
2022-02-11,cds_5y_usd,221.6100
2022-02-14,cds_5y_usd,228.4900
2022-02-15,cds_5y_usd,227.1900
2022-02-16,cds_5y_usd,222.0600
2022-02-17,cds_5y_usd,217.9900
2022-02-18,cds_5y_usd,221.9100
2022-02-21,cds_5y_usd,224.8700
2022-02-22,cds_5y_usd,224.9200
2022-02-23,cds_5y_usd,224.1900
2022-02-24,cds_5y_usd,228.0900
2022-02-25,cds_5y_usd,223.9400
2022-02-28,cds_5y_usd,218.1700
2022-03-01,cds_5y_usd,220.6300
2022-03-02,cds_5y_usd,224.3900
2022-03-03,cds_5y_usd,221.5800
2022-03-04,cds_5y_usd,218.0800
2022-03-07,cds_5y_usd,224.7400
2022-03-08,cds_5y_usd,230.8900
2022-03-09,cds_5y_usd,225.0600
2022-03-10,cds_5y_usd,216.2800
2022-03-11,cds_5y_usd,216.2400
2022-03-14,cds_5y_usd,223.0500
2022-03-15,cds_5y_usd,222.3700
2022-03-16,cds_5y_usd,218.4600
2022-03-17,cds_5y_usd,206.5900
2022-03-18,cds_5y_usd,201.4900
2022-03-21,cds_5y_usd,201.5000
2022-03-22,cds_5y_usd,218.0700
2022-03-23,cds_5y_usd,214.8100
2022-03-24,cds_5y_usd,218.3100
2022-03-25,cds_5y_usd,213.8900
2022-03-28,cds_5y_usd,211.2500
2022-03-29,cds_5y_usd,207.9600
2022-03-30,cds_5y_usd,201.0300
2022-03-31,cds_5y_usd,203.8300
2022-04-01,cds_5y_usd,205.9500
2022-04-04,cds_5y_usd,204.3000
2022-04-05,cds_5y_usd,200.7600
2022-04-06,cds_5y_usd,204.1300
2022-04-07,cds_5y_usd,206.6500
2022-04-08,cds_5y_usd,209.6300
2022-04-11,cds_5y_usd,212.8100
2022-04-12,cds_5y_usd,218.4800
2022-04-13,cds_5y_usd,217.1700
2022-04-14,cds_5y_usd,214.4700
2022-04-15,cds_5y_usd,216.7400
2022-04-18,cds_5y_usd,216.4900
2022-04-19,cds_5y_usd,217.1100
2022-04-20,cds_5y_usd,212.0100
2022-04-21,cds_5y_usd,208.6000
2022-04-22,cds_5y_usd,213.8600
2022-04-25,cds_5y_usd,220.3800
2022-04-26,cds_5y_usd,219.1900
2022-04-27,cds_5y_usd,225.8800
2022-04-28,cds_5y_usd,222.6200
2022-04-29,cds_5y_usd,219.0800
2022-05-02,cds_5y_usd,229.5600
2022-05-03,cds_5y_usd,232.2400
2022-05-04,cds_5y_usd,228.2500
2022-05-05,cds_5y_usd,221.0400
2022-05-06,cds_5y_usd,221.0400
2022-05-09,cds_5y_usd,234.2000
2022-05-10,cds_5y_usd,244.2600
2022-05-11,cds_5y_usd,241.7900
2022-05-12,cds_5y_usd,241.7900
2022-05-13,cds_5y_usd,242.3900
2022-05-16,cds_5y_usd,238.0500
2022-05-17,cds_5y_usd,239.6800
2022-05-18,cds_5y_usd,236.4500
2022-05-19,cds_5y_usd,244.6000
2022-05-20,cds_5y_usd,245.5500
2022-05-23,cds_5y_usd,246.5900
2022-05-24,cds_5y_usd,239.1200
2022-05-25,cds_5y_usd,238.4900
2022-05-26,cds_5y_usd,227.0800
2022-05-27,cds_5y_usd,222.2200
2022-05-30,cds_5y_usd,220.2800
2022-05-31,cds_5y_usd,220.5100
2022-06-01,cds_5y_usd,222.3700
2022-06-02,cds_5y_usd,222.5500
2022-06-03,cds_5y_usd,225.1700
2022-06-06,cds_5y_usd,229.1900
2022-06-07,cds_5y_usd,235.2400
2022-06-08,cds_5y_usd,236.7600
2022-06-09,cds_5y_usd,241.8800
2022-06-10,cds_5y_usd,248.7300
2022-06-13,cds_5y_usd,255.2600
2022-06-14,cds_5y_usd,270.1800
2022-06-15,cds_5y_usd,274.2200
2022-06-16,cds_5y_usd,261.2900
2022-06-17,cds_5y_usd,260.8900
2022-06-20,cds_5y_usd,261.1900
2022-06-21,cds_5y_usd,261.4900
2022-06-22,cds_5y_usd,276.6300
2022-06-23,cds_5y_usd,284.7900
2022-06-24,cds_5y_usd,289.0600
2022-06-27,cds_5y_usd,281.7400
2022-06-28,cds_5y_usd,281.3400
2022-06-29,cds_5y_usd,297.2200
2022-06-30,cds_5y_usd,292.0200
2022-07-01,cds_5y_usd,290.8100
2022-07-04,cds_5y_usd,290.3100
2022-07-05,cds_5y_usd,288.3100
2022-07-06,cds_5y_usd,297.8800
2022-07-07,cds_5y_usd,300.9000
2022-07-08,cds_5y_usd,286.7900
2022-07-11,cds_5y_usd,286.9100
2022-07-12,cds_5y_usd,295.9300
2022-07-13,cds_5y_usd,306.7500
2022-07-14,cds_5y_usd,314.9700
2022-07-15,cds_5y_usd,324.6000
2022-07-18,cds_5y_usd,320.3100
2022-07-19,cds_5y_usd,322.7200
2022-07-20,cds_5y_usd,309.2500
2022-07-21,cds_5y_usd,295.2300
2022-07-22,cds_5y_usd,291.4000
2022-07-25,cds_5y_usd,293.4800
2022-07-26,cds_5y_usd,287.5400
2022-07-27,cds_5y_usd,295.3200
2022-07-28,cds_5y_usd,280.2600
2022-07-29,cds_5y_usd,275.1600
2022-08-01,cds_5y_usd,269.8700
2022-08-02,cds_5y_usd,271.7800
2022-08-03,cds_5y_usd,281.5100
2022-08-04,cds_5y_usd,273.8000
2022-08-05,cds_5y_usd,268.7700
2022-08-08,cds_5y_usd,270.8100
2022-08-09,cds_5y_usd,259.0200
2022-08-10,cds_5y_usd,264.3300
2022-08-11,cds_5y_usd,247.4800
2022-08-12,cds_5y_usd,248.7500
2022-08-15,cds_5y_usd,238.8300
2022-08-16,cds_5y_usd,241.6000
2022-08-17,cds_5y_usd,245.8700
2022-08-18,cds_5y_usd,250.9300
2022-08-19,cds_5y_usd,251.4300
2022-08-22,cds_5y_usd,261.5600
2022-08-23,cds_5y_usd,271.5200
2022-08-24,cds_5y_usd,256.4500
2022-08-25,cds_5y_usd,251.7300
2022-08-26,cds_5y_usd,249.4800
2022-08-29,cds_5y_usd,256.5700
2022-08-30,cds_5y_usd,257.6700
2022-08-31,cds_5y_usd,257.5500
2022-09-01,cds_5y_usd,259.5400
2022-09-02,cds_5y_usd,256.6700
2022-09-05,cds_5y_usd,256.6700
2022-09-06,cds_5y_usd,257.0700
2022-09-07,cds_5y_usd,257.6700
2022-09-08,cds_5y_usd,256.6700
2022-09-09,cds_5y_usd,257.0700
2022-09-12,cds_5y_usd,232.2700
2022-09-13,cds_5y_usd,256.6700
2022-09-14,cds_5y_usd,232.2700
2022-09-15,cds_5y_usd,240.1700
2022-09-16,cds_5y_usd,242.1700
2022-09-19,cds_5y_usd,242.1700
2022-09-20,cds_5y_usd,236.3200
2022-09-21,cds_5y_usd,261.0700
2022-09-22,cds_5y_usd,261.0600
2022-09-23,cds_5y_usd,264.3100
2022-09-26,cds_5y_usd,278.5700
2022-09-27,cds_5y_usd,295.3800
2022-09-28,cds_5y_usd,308.8400
2022-09-29,cds_5y_usd,292.4900
2022-09-30,cds_5y_usd,306.5600
2022-10-03,cds_5y_usd,307.4900
2022-10-04,cds_5y_usd,282.2300
2022-10-05,cds_5y_usd,277.7500
2022-10-06,cds_5y_usd,284.2600
2022-10-07,cds_5y_usd,285.2700
2022-10-10,cds_5y_usd,294.9300
2022-10-11,cds_5y_usd,294.8500
2022-10-12,cds_5y_usd,294.6100
2022-10-13,cds_5y_usd,297.2500
2022-10-14,cds_5y_usd,300.1000
2022-10-17,cds_5y_usd,307.3900
2022-10-18,cds_5y_usd,301.1400
2022-10-19,cds_5y_usd,292.4900
2022-10-20,cds_5y_usd,295.2300
2022-10-21,cds_5y_usd,292.1600
2022-10-24,cds_5y_usd,284.2400
2022-10-25,cds_5y_usd,280.0800
2022-10-26,cds_5y_usd,276.7700
2022-10-27,cds_5y_usd,280.7700
2022-10-28,cds_5y_usd,279.5100
2022-10-31,cds_5y_usd,272.8000
2022-11-01,cds_5y_usd,272.6100
2022-11-02,cds_5y_usd,273.2100
2022-11-03,cds_5y_usd,268.7500
2022-11-04,cds_5y_usd,266.9100
2022-11-07,cds_5y_usd,256.6200
2022-11-08,cds_5y_usd,256.6200
2022-11-09,cds_5y_usd,256.9000
2022-11-10,cds_5y_usd,262.3700
2022-11-11,cds_5y_usd,264.4100
2022-11-14,cds_5y_usd,265.6900
2022-11-15,cds_5y_usd,254.0500
2022-11-16,cds_5y_usd,254.3000
2022-11-17,cds_5y_usd,260.6800
2022-11-18,cds_5y_usd,263.1900
2022-11-21,cds_5y_usd,268.0000
2022-11-22,cds_5y_usd,260.9500
2022-11-23,cds_5y_usd,261.1500
2022-11-24,cds_5y_usd,256.8100
2022-11-25,cds_5y_usd,256.7800
2022-11-28,cds_5y_usd,256.9200
2022-11-29,cds_5y_usd,261.7300
2022-11-30,cds_5y_usd,253.2300
2022-12-01,cds_5y_usd,252.9300
2022-12-02,cds_5y_usd,237.1800
2022-12-05,cds_5y_usd,231.7400
2022-12-06,cds_5y_usd,243.0000
2022-12-07,cds_5y_usd,245.2600
2022-12-08,cds_5y_usd,242.1800
2022-12-09,cds_5y_usd,239.8200
2022-12-12,cds_5y_usd,236.8000
2022-12-13,cds_5y_usd,244.5600
2022-12-14,cds_5y_usd,241.0300
2022-12-15,cds_5y_usd,243.3000
2022-12-16,cds_5y_usd,248.4000
2022-12-19,cds_5y_usd,254.1400
2022-12-20,cds_5y_usd,258.3800
2022-12-21,cds_5y_usd,257.3300
2022-12-22,cds_5y_usd,250.2300
2022-12-23,cds_5y_usd,251.4100
2022-12-26,cds_5y_usd,252.4300
2022-12-27,cds_5y_usd,252.2000
2022-12-28,cds_5y_usd,251.4900
2022-12-29,cds_5y_usd,251.3500
2022-12-30,cds_5y_usd,250.2600
2023-01-02,cds_5y_usd,250.4600
2023-01-03,cds_5y_usd,250.2500
2023-01-04,cds_5y_usd,253.9000
2023-01-05,cds_5y_usd,254.9800
2023-01-06,cds_5y_usd,258.4500
2023-01-09,cds_5y_usd,244.7800
2023-01-10,cds_5y_usd,247.3100
2023-01-11,cds_5y_usd,247.6000
2023-01-12,cds_5y_usd,243.3900
2023-01-13,cds_5y_usd,240.3200
2023-01-16,cds_5y_usd,238.8900
2023-01-17,cds_5y_usd,238.7100
2023-01-18,cds_5y_usd,238.6500
2023-01-19,cds_5y_usd,235.4000
2023-01-20,cds_5y_usd,242.7500
2023-01-23,cds_5y_usd,242.8400
2023-01-24,cds_5y_usd,240.8700
2023-01-25,cds_5y_usd,236.6500
2023-01-26,cds_5y_usd,238.6600
2023-01-27,cds_5y_usd,234.0700
2023-01-30,cds_5y_usd,228.0800
2023-01-31,cds_5y_usd,232.0900
2023-02-01,cds_5y_usd,226.8900
2023-02-02,cds_5y_usd,220.0600
2023-02-03,cds_5y_usd,214.4800
2023-02-06,cds_5y_usd,220.8400
2023-02-07,cds_5y_usd,227.6700
2023-02-08,cds_5y_usd,223.3000
2023-02-09,cds_5y_usd,228.0600
2023-02-10,cds_5y_usd,231.2600
2023-02-13,cds_5y_usd,232.2100
2023-02-14,cds_5y_usd,227.2000
2023-02-15,cds_5y_usd,222.6800
2023-02-16,cds_5y_usd,219.4400
2023-02-17,cds_5y_usd,222.3800
2023-02-20,cds_5y_usd,228.1000
2023-02-21,cds_5y_usd,228.1400
2023-02-22,cds_5y_usd,237.4500
2023-02-23,cds_5y_usd,235.1000
2023-02-24,cds_5y_usd,229.1500
2023-02-27,cds_5y_usd,232.5400
2023-02-28,cds_5y_usd,229.1700
2023-03-01,cds_5y_usd,229.3000
2023-03-02,cds_5y_usd,225.6100
2023-03-03,cds_5y_usd,223.4900
2023-03-06,cds_5y_usd,214.4600
2023-03-07,cds_5y_usd,207.8200
2023-03-08,cds_5y_usd,214.8800
2023-03-09,cds_5y_usd,215.7100
2023-03-10,cds_5y_usd,219.1300
2023-03-13,cds_5y_usd,224.5000
2023-03-14,cds_5y_usd,224.5300
2023-03-15,cds_5y_usd,234.3800
2023-03-16,cds_5y_usd,243.0700
2023-03-17,cds_5y_usd,238.7700
2023-03-20,cds_5y_usd,279.6500
2023-03-21,cds_5y_usd,259.1000
2023-03-22,cds_5y_usd,246.7600
2023-03-23,cds_5y_usd,243.1900
2023-03-24,cds_5y_usd,247.3800
2023-03-27,cds_5y_usd,244.8600
2023-03-28,cds_5y_usd,237.9100
2023-03-29,cds_5y_usd,237.4000
2023-03-30,cds_5y_usd,233.4600
2023-03-31,cds_5y_usd,228.5000
2023-04-03,cds_5y_usd,221.5600
2023-04-04,cds_5y_usd,220.6200
2023-04-05,cds_5y_usd,223.2600
2023-04-06,cds_5y_usd,227.4500
2023-04-07,cds_5y_usd,230.5600
2023-04-10,cds_5y_usd,230.9700
2023-04-11,cds_5y_usd,230.6500
2023-04-12,cds_5y_usd,224.8000
2023-04-13,cds_5y_usd,224.8200
2023-04-14,cds_5y_usd,215.0600
2023-04-17,cds_5y_usd,214.3500
2023-04-18,cds_5y_usd,214.3200
2023-04-19,cds_5y_usd,216.9400
2023-04-20,cds_5y_usd,221.9700
2023-04-21,cds_5y_usd,226.3100
2023-04-24,cds_5y_usd,226.7200
2023-04-25,cds_5y_usd,225.4500
2023-04-26,cds_5y_usd,226.9300
2023-04-27,cds_5y_usd,227.7600
2023-04-28,cds_5y_usd,224.7900
2023-05-01,cds_5y_usd,216.7400
2023-05-02,cds_5y_usd,213.3800
2023-05-03,cds_5y_usd,217.3400
2023-05-04,cds_5y_usd,219.4800
2023-05-05,cds_5y_usd,225.5500
2023-05-08,cds_5y_usd,221.1700
2023-05-09,cds_5y_usd,222.0100
2023-05-10,cds_5y_usd,225.4700
2023-05-11,cds_5y_usd,222.0600
2023-05-12,cds_5y_usd,222.0200
2023-05-15,cds_5y_usd,221.9900
2023-05-16,cds_5y_usd,221.9500
2023-05-17,cds_5y_usd,221.9100
2023-05-18,cds_5y_usd,237.4500
2023-05-19,cds_5y_usd,218.4500
2023-05-22,cds_5y_usd,215.1500
2023-05-23,cds_5y_usd,214.1300
2023-05-24,cds_5y_usd,213.0200
2023-05-25,cds_5y_usd,213.1300
2023-05-26,cds_5y_usd,211.4200
2023-05-29,cds_5y_usd,207.3900
2023-05-30,cds_5y_usd,207.2400
2023-05-31,cds_5y_usd,206.9600
2023-06-01,cds_5y_usd,209.0500
2023-06-02,cds_5y_usd,205.1800
2023-06-05,cds_5y_usd,201.8200
2023-06-06,cds_5y_usd,199.4000
2023-06-07,cds_5y_usd,196.5800
2023-06-08,cds_5y_usd,195.7300
2023-06-09,cds_5y_usd,194.5400
2023-06-12,cds_5y_usd,192.9000
2023-06-13,cds_5y_usd,190.7100
2023-06-14,cds_5y_usd,188.1200
2023-06-15,cds_5y_usd,186.9900
2023-06-16,cds_5y_usd,182.8400
2023-06-19,cds_5y_usd,182.1900
2023-06-20,cds_5y_usd,182.1200
2023-06-21,cds_5y_usd,180.0300
2023-06-22,cds_5y_usd,177.1900
2023-06-23,cds_5y_usd,174.4100
2023-06-26,cds_5y_usd,176.6300
2023-06-27,cds_5y_usd,178.1200
2023-06-28,cds_5y_usd,177.3600
2023-06-29,cds_5y_usd,178.0900
2023-06-30,cds_5y_usd,179.9200
2023-07-03,cds_5y_usd,173.3500
2023-07-04,cds_5y_usd,174.3900
2023-07-05,cds_5y_usd,174.2200
2023-07-06,cds_5y_usd,176.7800
2023-07-07,cds_5y_usd,181.3000
2023-07-10,cds_5y_usd,180.1100
2023-07-11,cds_5y_usd,180.9500
2023-07-12,cds_5y_usd,181.1400
2023-07-13,cds_5y_usd,175.9700
2023-07-14,cds_5y_usd,172.1100
2023-07-17,cds_5y_usd,177.4800
2023-07-18,cds_5y_usd,176.2500
2023-07-19,cds_5y_usd,175.3200
2023-07-20,cds_5y_usd,173.3400
2023-07-21,cds_5y_usd,175.5000
2023-07-24,cds_5y_usd,172.4100
2023-07-25,cds_5y_usd,170.5300
2023-07-26,cds_5y_usd,169.5100
2023-07-27,cds_5y_usd,164.5600
2023-07-28,cds_5y_usd,162.8500
2023-07-31,cds_5y_usd,162.6500
2023-08-01,cds_5y_usd,163.6900
2023-08-02,cds_5y_usd,165.7500
2023-08-03,cds_5y_usd,172.4800
2023-08-04,cds_5y_usd,174.5700
2023-08-07,cds_5y_usd,172.3200
2023-08-08,cds_5y_usd,171.5400
2023-08-09,cds_5y_usd,172.4600
2023-08-10,cds_5y_usd,173.5500
2023-08-11,cds_5y_usd,170.6400
2023-08-14,cds_5y_usd,170.7200
2023-08-15,cds_5y_usd,175.6100
2023-08-16,cds_5y_usd,180.4600
2023-08-17,cds_5y_usd,180.5100
2023-08-18,cds_5y_usd,186.2900
2023-08-21,cds_5y_usd,188.2400
2023-08-22,cds_5y_usd,188.4500
2023-08-23,cds_5y_usd,185.4200
2023-08-24,cds_5y_usd,176.3700
2023-08-25,cds_5y_usd,178.6000
2023-08-28,cds_5y_usd,173.6700
2023-08-29,cds_5y_usd,166.6900
2023-08-30,cds_5y_usd,163.6200
2023-08-31,cds_5y_usd,162.8100
2023-09-01,cds_5y_usd,167.6700
2023-09-04,cds_5y_usd,164.8100
2023-09-05,cds_5y_usd,164.8100
2023-09-06,cds_5y_usd,167.8500
2023-09-07,cds_5y_usd,171.7700
2023-09-08,cds_5y_usd,170.5700
2023-09-11,cds_5y_usd,168.7500
2023-09-12,cds_5y_usd,169.7000
2023-09-13,cds_5y_usd,171.7100
2023-09-14,cds_5y_usd,168.6800
2023-09-15,cds_5y_usd,165.8200
2023-09-18,cds_5y_usd,165.8200
2023-09-19,cds_5y_usd,163.8200
2023-09-20,cds_5y_usd,179.9800
2023-09-21,cds_5y_usd,180.3700
2023-09-22,cds_5y_usd,183.2800
2023-09-25,cds_5y_usd,180.2000
2023-09-26,cds_5y_usd,182.3000
2023-09-27,cds_5y_usd,185.1500
2023-09-28,cds_5y_usd,189.2100
2023-09-29,cds_5y_usd,185.0000
2023-10-02,cds_5y_usd,186.0700
2023-10-03,cds_5y_usd,190.2400
2023-10-04,cds_5y_usd,199.8800
2023-10-05,cds_5y_usd,194.6400
2023-10-06,cds_5y_usd,193.7700
2023-10-09,cds_5y_usd,190.1000
2023-10-10,cds_5y_usd,189.6400
2023-10-11,cds_5y_usd,180.9200
2023-10-12,cds_5y_usd,178.2700
2023-10-13,cds_5y_usd,180.4100
2023-10-16,cds_5y_usd,183.1100
2023-10-17,cds_5y_usd,179.3600
2023-10-18,cds_5y_usd,181.4800
2023-10-19,cds_5y_usd,185.2300
2023-10-20,cds_5y_usd,189.0300
2023-10-23,cds_5y_usd,190.8200
2023-10-24,cds_5y_usd,188.0100
2023-10-25,cds_5y_usd,184.2200
2023-10-26,cds_5y_usd,186.2800
2023-10-27,cds_5y_usd,185.9300
2023-10-30,cds_5y_usd,186.0800
2023-10-31,cds_5y_usd,183.2800
2023-11-01,cds_5y_usd,182.2900
2023-11-02,cds_5y_usd,174.1800
2023-11-03,cds_5y_usd,165.6500
2023-11-06,cds_5y_usd,160.5600
2023-11-07,cds_5y_usd,166.8000
2023-11-08,cds_5y_usd,165.6400
2023-11-09,cds_5y_usd,163.7500
2023-11-10,cds_5y_usd,166.8700
2023-11-13,cds_5y_usd,163.7600
2023-11-14,cds_5y_usd,165.7100
2023-11-15,cds_5y_usd,158.5400
2023-11-16,cds_5y_usd,157.0500
2023-11-17,cds_5y_usd,154.8200
2023-11-20,cds_5y_usd,152.0400
2023-11-21,cds_5y_usd,147.1200
2023-11-22,cds_5y_usd,146.1200
2023-11-23,cds_5y_usd,147.1800
2023-11-24,cds_5y_usd,147.1900
2023-11-27,cds_5y_usd,147.2100
2023-11-28,cds_5y_usd,146.1100
2023-11-29,cds_5y_usd,145.0800
2023-11-30,cds_5y_usd,142.1700
2023-12-01,cds_5y_usd,146.2400
2023-12-04,cds_5y_usd,153.5500
2023-12-05,cds_5y_usd,142.3200
2023-12-06,cds_5y_usd,146.1200
2023-12-07,cds_5y_usd,149.1300
2023-12-08,cds_5y_usd,148.1400
2023-12-11,cds_5y_usd,147.3100
2023-12-12,cds_5y_usd,145.2100
2023-12-13,cds_5y_usd,145.2000
2023-12-14,cds_5y_usd,140.0600
2023-12-15,cds_5y_usd,136.3200
2023-12-18,cds_5y_usd,137.4100
2023-12-19,cds_5y_usd,136.4000
2023-12-20,cds_5y_usd,135.3900
2023-12-21,cds_5y_usd,135.3500
2023-12-22,cds_5y_usd,134.4100
2023-12-25,cds_5y_usd,132.4500
2023-12-26,cds_5y_usd,132.4500
2023-12-27,cds_5y_usd,132.4600
2023-12-28,cds_5y_usd,132.4000
2023-12-29,cds_5y_usd,132.4900
2024-01-01,cds_5y_usd,131.4700
2024-01-02,cds_5y_usd,131.4700
2024-01-03,cds_5y_usd,139.4300
2024-01-04,cds_5y_usd,143.2800
2024-01-05,cds_5y_usd,142.3700
2024-01-08,cds_5y_usd,141.3400
2024-01-09,cds_5y_usd,139.3300
2024-01-10,cds_5y_usd,137.3800
2024-01-11,cds_5y_usd,132.4600
2024-01-12,cds_5y_usd,131.4000
2024-01-15,cds_5y_usd,128.4800
2024-01-16,cds_5y_usd,128.5600
2024-01-17,cds_5y_usd,130.5800
2024-01-18,cds_5y_usd,132.5900
2024-01-19,cds_5y_usd,132.5100
2024-01-22,cds_5y_usd,131.5500
2024-01-23,cds_5y_usd,135.4300
2024-01-24,cds_5y_usd,140.3900
2024-01-25,cds_5y_usd,140.4100
2024-01-26,cds_5y_usd,139.3200
2024-01-29,cds_5y_usd,137.4600
2024-01-30,cds_5y_usd,136.3900
2024-01-31,cds_5y_usd,136.4900
2024-02-01,cds_5y_usd,139.3000
2024-02-02,cds_5y_usd,135.4100
2024-02-05,cds_5y_usd,135.6200
2024-02-06,cds_5y_usd,137.5300
2024-02-07,cds_5y_usd,135.3900
2024-02-08,cds_5y_usd,133.5100
2024-02-09,cds_5y_usd,135.4900
2024-02-12,cds_5y_usd,135.4900
2024-02-13,cds_5y_usd,134.4600
2024-02-14,cds_5y_usd,135.6300
2024-02-15,cds_5y_usd,132.4600
2024-02-16,cds_5y_usd,131.5300
2024-02-19,cds_5y_usd,130.6000
2024-02-20,cds_5y_usd,130.5700
2024-02-21,cds_5y_usd,133.5100
2024-02-22,cds_5y_usd,132.5800
2024-02-23,cds_5y_usd,125.6800
2024-02-26,cds_5y_usd,122.6800
2024-02-27,cds_5y_usd,123.7000
2024-02-28,cds_5y_usd,126.6600
2024-02-29,cds_5y_usd,126.6300
2024-03-01,cds_5y_usd,124.6600
2024-03-04,cds_5y_usd,124.6300
2024-03-05,cds_5y_usd,124.7100
2024-03-06,cds_5y_usd,127.6000
2024-03-07,cds_5y_usd,128.6300
2024-03-08,cds_5y_usd,127.6100
2024-03-11,cds_5y_usd,129.6000
2024-03-12,cds_5y_usd,128.6500
2024-03-13,cds_5y_usd,124.7200
2024-03-14,cds_5y_usd,120.7600
2024-03-15,cds_5y_usd,123.7500
2024-03-18,cds_5y_usd,124.7100
2024-03-19,cds_5y_usd,124.7000
2024-03-20,cds_5y_usd,124.6700
2024-03-21,cds_5y_usd,135.4100
2024-03-22,cds_5y_usd,131.5300
2024-03-25,cds_5y_usd,135.4200
2024-03-26,cds_5y_usd,133.5400
2024-03-27,cds_5y_usd,133.4800
2024-03-28,cds_5y_usd,135.4500
2024-03-29,cds_5y_usd,138.4700
2024-04-01,cds_5y_usd,138.4200
2024-04-02,cds_5y_usd,140.5100
2024-04-03,cds_5y_usd,143.3600
2024-04-04,cds_5y_usd,145.3100
2024-04-05,cds_5y_usd,148.2600
2024-04-08,cds_5y_usd,147.4000
2024-04-09,cds_5y_usd,144.3800
2024-04-10,cds_5y_usd,142.3000
2024-04-11,cds_5y_usd,146.5800
2024-04-12,cds_5y_usd,148.2600
2024-04-15,cds_5y_usd,153.1100
2024-04-16,cds_5y_usd,159.1500
2024-04-17,cds_5y_usd,162.1100
2024-04-18,cds_5y_usd,161.9400
2024-04-19,cds_5y_usd,163.1000
2024-04-22,cds_5y_usd,162.0200
2024-04-23,cds_5y_usd,157.0900
2024-04-24,cds_5y_usd,152.1400
2024-04-25,cds_5y_usd,151.2400
2024-04-26,cds_5y_usd,154.2400
2024-04-29,cds_5y_usd,150.2100
2024-04-30,cds_5y_usd,146.2400
2024-05-01,cds_5y_usd,149.3200
2024-05-02,cds_5y_usd,144.2300
2024-05-03,cds_5y_usd,142.2800
2024-05-06,cds_5y_usd,137.3600
2024-05-07,cds_5y_usd,135.4800
2024-05-08,cds_5y_usd,135.4800
2024-05-09,cds_5y_usd,138.4700
2024-05-10,cds_5y_usd,138.4200
2024-05-13,cds_5y_usd,139.4700
2024-05-14,cds_5y_usd,138.9300
2024-05-15,cds_5y_usd,99.3700
2024-05-16,cds_5y_usd,141.2900
2024-05-17,cds_5y_usd,140.4800
2024-05-20,cds_5y_usd,139.4700
2024-05-21,cds_5y_usd,140.4500
2024-05-22,cds_5y_usd,140.4000
2024-05-23,cds_5y_usd,144.4100
2024-05-24,cds_5y_usd,148.3800
2024-05-27,cds_5y_usd,146.3400
2024-05-28,cds_5y_usd,146.3400
2024-05-29,cds_5y_usd,146.4000
2024-05-30,cds_5y_usd,197.9600
2024-05-31,cds_5y_usd,197.9400
2024-06-03,cds_5y_usd,143.3500
2024-06-04,cds_5y_usd,141.8300
2024-06-05,cds_5y_usd,144.8000
2024-06-06,cds_5y_usd,143.3500
2024-06-07,cds_5y_usd,144.3700
2024-06-10,cds_5y_usd,146.5300
2024-06-11,cds_5y_usd,146.3700
2024-06-12,cds_5y_usd,149.2500
2024-06-13,cds_5y_usd,200.4900
2024-06-14,cds_5y_usd,152.9800
2024-06-17,cds_5y_usd,158.1100
2024-06-18,cds_5y_usd,159.2300
2024-06-19,cds_5y_usd,158.0400
2024-06-20,cds_5y_usd,158.1500
2024-06-21,cds_5y_usd,162.1000
2024-06-24,cds_5y_usd,165.0100
2024-06-25,cds_5y_usd,161.0700
2024-06-26,cds_5y_usd,160.1100
2024-06-27,cds_5y_usd,164.1400
2024-06-28,cds_5y_usd,166.9400
2024-07-01,cds_5y_usd,169.9700
2024-07-02,cds_5y_usd,169.0300
2024-07-03,cds_5y_usd,168.8400
2024-07-04,cds_5y_usd,161.9400
2024-07-05,cds_5y_usd,162.0300
2024-07-08,cds_5y_usd,156.0000
2024-07-09,cds_5y_usd,153.2100
2024-07-10,cds_5y_usd,153.2000
2024-07-11,cds_5y_usd,147.2900
2024-07-12,cds_5y_usd,148.1200
2024-07-15,cds_5y_usd,145.2800
2024-07-16,cds_5y_usd,148.2800
2024-07-17,cds_5y_usd,148.2400
2024-07-18,cds_5y_usd,152.2200
2024-07-19,cds_5y_usd,152.2200
2024-07-22,cds_5y_usd,157.2000
2024-07-23,cds_5y_usd,153.2200
2024-07-24,cds_5y_usd,153.1700
2024-07-25,cds_5y_usd,159.0800
2024-07-26,cds_5y_usd,158.1200
2024-07-29,cds_5y_usd,155.1100
2024-07-30,cds_5y_usd,156.1600
2024-07-31,cds_5y_usd,156.1600
2024-08-01,cds_5y_usd,158.0100
2024-08-02,cds_5y_usd,162.8900
2024-08-05,cds_5y_usd,170.4500
2024-08-06,cds_5y_usd,176.8100
2024-08-07,cds_5y_usd,175.9600
2024-08-08,cds_5y_usd,170.9000
2024-08-09,cds_5y_usd,165.0300
2024-08-12,cds_5y_usd,163.9600
2024-08-13,cds_5y_usd,164.8900
2024-08-14,cds_5y_usd,160.9200
2024-08-15,cds_5y_usd,156.1300
2024-08-16,cds_5y_usd,150.3400
2024-08-19,cds_5y_usd,151.1500
2024-08-20,cds_5y_usd,145.3000
2024-08-21,cds_5y_usd,147.1900
2024-08-22,cds_5y_usd,146.2600
2024-08-23,cds_5y_usd,145.2400
2024-08-26,cds_5y_usd,145.2400
2024-08-27,cds_5y_usd,142.9000
2024-08-28,cds_5y_usd,141.8900
2024-08-29,cds_5y_usd,143.8700
2024-08-30,cds_5y_usd,144.8700
2024-09-02,cds_5y_usd,149.3100
2024-09-03,cds_5y_usd,149.2800
2024-09-04,cds_5y_usd,158.0700
2024-09-05,cds_5y_usd,154.0600
2024-09-06,cds_5y_usd,154.1800
2024-09-09,cds_5y_usd,156.0700
2024-09-10,cds_5y_usd,154.2000
2024-09-11,cds_5y_usd,157.0700
2024-09-12,cds_5y_usd,154.2500
2024-09-13,cds_5y_usd,152.2300
2024-09-16,cds_5y_usd,152.1800
2024-09-17,cds_5y_usd,151.2200
2024-09-18,cds_5y_usd,147.3600
2024-09-19,cds_5y_usd,147.3600
2024-09-20,cds_5y_usd,136.4500
2024-09-23,cds_5y_usd,155.0600
2024-09-24,cds_5y_usd,155.0600
2024-09-25,cds_5y_usd,155.0100
2024-09-26,cds_5y_usd,158.0600
2024-09-27,cds_5y_usd,153.1600
2024-09-30,cds_5y_usd,153.0300
2024-10-01,cds_5y_usd,153.0300
2024-10-02,cds_5y_usd,151.0900
2024-10-03,cds_5y_usd,151.0900
2024-10-04,cds_5y_usd,151.0900
2024-10-07,cds_5y_usd,143.4900
2024-10-08,cds_5y_usd,146.3000
2024-10-09,cds_5y_usd,150.4100
2024-10-10,cds_5y_usd,149.2300
2024-10-11,cds_5y_usd,151.1200
2024-10-14,cds_5y_usd,151.1200
2024-10-15,cds_5y_usd,155.1000
2024-10-16,cds_5y_usd,153.1000
2024-10-17,cds_5y_usd,154.0900
2024-10-18,cds_5y_usd,151.2200
2024-10-21,cds_5y_usd,150.1500
2024-10-22,cds_5y_usd,154.2500
2024-10-23,cds_5y_usd,156.0900
2024-10-24,cds_5y_usd,159.0700
2024-10-25,cds_5y_usd,157.0200
2024-10-28,cds_5y_usd,157.0900
2024-10-29,cds_5y_usd,157.0900
2024-10-30,cds_5y_usd,153.5800
2024-10-31,cds_5y_usd,154.1900
2024-11-01,cds_5y_usd,157.5700
2024-11-04,cds_5y_usd,160.9000
2024-11-05,cds_5y_usd,164.9100
2024-11-06,cds_5y_usd,165.0300
2024-11-07,cds_5y_usd,155.0800
2024-11-08,cds_5y_usd,153.4400
2024-11-11,cds_5y_usd,153.4700
2024-11-12,cds_5y_usd,153.4900
2024-11-13,cds_5y_usd,160.6400
2024-11-14,cds_5y_usd,159.4500
2024-11-15,cds_5y_usd,161.4900
2024-11-18,cds_5y_usd,166.3300
2024-11-19,cds_5y_usd,163.3200
2024-11-20,cds_5y_usd,158.0300
2024-11-21,cds_5y_usd,156.1400
2024-11-22,cds_5y_usd,154.1700
2024-11-25,cds_5y_usd,155.1400
2024-11-26,cds_5y_usd,153.0200
2024-11-27,cds_5y_usd,154.1900
2024-11-28,cds_5y_usd,157.9800
2024-11-29,cds_5y_usd,161.5200
2024-12-02,cds_5y_usd,161.4600
2024-12-03,cds_5y_usd,168.9100
2024-12-04,cds_5y_usd,170.8600
2024-12-05,cds_5y_usd,167.8200
2024-12-06,cds_5y_usd,164.4800
2024-12-09,cds_5y_usd,166.3800
2024-12-10,cds_5y_usd,172.8700
2024-12-11,cds_5y_usd,168.9400
2024-12-12,cds_5y_usd,163.0400
2024-12-13,cds_5y_usd,166.5000
2024-12-16,cds_5y_usd,172.4300
2024-12-17,cds_5y_usd,180.6500
2024-12-18,cds_5y_usd,187.0200
2024-12-19,cds_5y_usd,218.1400
2024-12-20,cds_5y_usd,208.0500
2024-12-23,cds_5y_usd,200.1400
2024-12-24,cds_5y_usd,198.3500
2024-12-25,cds_5y_usd,198.3000
2024-12-26,cds_5y_usd,198.2400
2024-12-27,cds_5y_usd,198.2400
2024-12-30,cds_5y_usd,205.0200
2024-12-31,cds_5y_usd,214.1700
2025-01-01,cds_5y_usd,214.3100
2025-01-02,cds_5y_usd,214.3800
2025-01-03,cds_5y_usd,208.9500
2025-01-06,cds_5y_usd,199.1700
2025-01-07,cds_5y_usd,192.3500
2025-01-08,cds_5y_usd,188.4800
2025-01-09,cds_5y_usd,192.7500
2025-01-10,cds_5y_usd,188.8800
2025-01-13,cds_5y_usd,197.4900
2025-01-14,cds_5y_usd,194.3200
2025-01-15,cds_5y_usd,192.2900
2025-01-16,cds_5y_usd,186.2000
2025-01-17,cds_5y_usd,187.3400
2025-01-20,cds_5y_usd,186.0000
2025-01-21,cds_5y_usd,180.5900
2025-01-22,cds_5y_usd,181.5700
2025-01-23,cds_5y_usd,175.2900
2025-01-24,cds_5y_usd,172.8000
2025-01-27,cds_5y_usd,173.7200
2025-01-28,cds_5y_usd,179.5100
2025-01-29,cds_5y_usd,178.7100
2025-01-30,cds_5y_usd,177.2900
2025-01-31,cds_5y_usd,177.1500
2025-02-03,cds_5y_usd,174.7800
2025-02-04,cds_5y_usd,177.2800
2025-02-05,cds_5y_usd,171.2600
2025-02-06,cds_5y_usd,172.6700
2025-02-07,cds_5y_usd,172.8200
2025-02-10,cds_5y_usd,170.9300
2025-02-11,cds_5y_usd,171.8000
2025-02-12,cds_5y_usd,171.8500
2025-02-13,cds_5y_usd,168.0500
2025-02-14,cds_5y_usd,167.7900
2025-02-17,cds_5y_usd,165.8300
2025-02-18,cds_5y_usd,165.9300
2025-02-19,cds_5y_usd,163.5700
2025-02-20,cds_5y_usd,164.4600
2025-02-21,cds_5y_usd,164.4700
2025-02-24,cds_5y_usd,168.2900
2025-02-25,cds_5y_usd,170.3700
2025-02-26,cds_5y_usd,170.7500
2025-02-27,cds_5y_usd,170.8400
2025-02-28,cds_5y_usd,176.2900
2025-03-03,cds_5y_usd,178.1400
2025-03-04,cds_5y_usd,184.0900
2025-03-05,cds_5y_usd,178.7700
2025-03-06,cds_5y_usd,173.8300
2025-03-07,cds_5y_usd,173.7900
2025-03-10,cds_5y_usd,178.0800
2025-03-11,cds_5y_usd,178.3300
2025-03-12,cds_5y_usd,174.9300
2025-03-13,cds_5y_usd,178.2000
2025-03-14,cds_5y_usd,173.9600
2025-03-17,cds_5y_usd,174.8800
2025-03-18,cds_5y_usd,170.3900
2025-03-19,cds_5y_usd,167.3900
2025-03-20,cds_5y_usd,189.7300
2025-03-21,cds_5y_usd,190.2300
2025-03-24,cds_5y_usd,182.6300
2025-03-25,cds_5y_usd,179.4500
2025-03-26,cds_5y_usd,181.9900
2025-03-27,cds_5y_usd,180.9800
2025-03-28,cds_5y_usd,185.1700
2025-03-31,cds_5y_usd,188.3600
2025-04-01,cds_5y_usd,182.8600
2025-04-02,cds_5y_usd,184.0400
2025-04-03,cds_5y_usd,188.7800
2025-04-04,cds_5y_usd,199.7200
2025-04-07,cds_5y_usd,200.2400
2025-04-08,cds_5y_usd,210.5800
2025-04-09,cds_5y_usd,185.9000
2025-04-10,cds_5y_usd,197.9800
2025-04-11,cds_5y_usd,198.3500
2025-04-14,cds_5y_usd,192.9400
2025-04-15,cds_5y_usd,191.1800
2025-04-16,cds_5y_usd,198.9300
2025-04-17,cds_5y_usd,194.1700
2025-04-18,cds_5y_usd,194.1600
2025-04-21,cds_5y_usd,194.0300
2025-04-22,cds_5y_usd,198.1900
2025-04-23,cds_5y_usd,191.3100
2025-04-24,cds_5y_usd,184.8300
2025-04-25,cds_5y_usd,182.4900
2025-04-28,cds_5y_usd,182.4600
2025-04-29,cds_5y_usd,180.4500
2025-04-30,cds_5y_usd,181.9100
2025-05-01,cds_5y_usd,182.1000
2025-05-02,cds_5y_usd,179.7700
2025-05-05,cds_5y_usd,179.5700
2025-05-06,cds_5y_usd,179.9800
2025-05-07,cds_5y_usd,177.6300
2025-05-08,cds_5y_usd,177.8400
2025-05-09,cds_5y_usd,177.0700
2025-05-12,cds_5y_usd,163.1000
2025-05-13,cds_5y_usd,161.9700
2025-05-14,cds_5y_usd,162.5000
2025-05-15,cds_5y_usd,164.7700
2025-05-16,cds_5y_usd,164.9300
2025-05-19,cds_5y_usd,165.3700
2025-05-20,cds_5y_usd,161.4900
2025-05-21,cds_5y_usd,164.9900
2025-05-22,cds_5y_usd,167.8200
2025-05-23,cds_5y_usd,168.7800
2025-05-26,cds_5y_usd,168.8600
2025-05-27,cds_5y_usd,162.9400
2025-05-28,cds_5y_usd,163.0300
2025-05-29,cds_5y_usd,161.3900
2025-05-30,cds_5y_usd,160.4400
2025-06-02,cds_5y_usd,157.1000
2025-06-03,cds_5y_usd,155.1000
2025-06-04,cds_5y_usd,156.4400
2025-06-05,cds_5y_usd,160.0600
2025-06-06,cds_5y_usd,157.2400
2025-06-09,cds_5y_usd,155.5100
2025-06-10,cds_5y_usd,154.5800
2025-06-11,cds_5y_usd,151.0600
2025-06-12,cds_5y_usd,149.6200
2025-06-13,cds_5y_usd,152.1800
2025-06-16,cds_5y_usd,151.2000
2025-06-17,cds_5y_usd,151.6000
2025-06-18,cds_5y_usd,156.0800
2025-06-19,cds_5y_usd,158.0400
2025-06-20,cds_5y_usd,156.5500
2025-06-23,cds_5y_usd,155.4900
2025-06-24,cds_5y_usd,149.6900
2025-06-25,cds_5y_usd,150.7000
2025-06-26,cds_5y_usd,152.0900
2025-06-27,cds_5y_usd,151.1900
2025-06-30,cds_5y_usd,147.7000
2025-07-01,cds_5y_usd,145.3100
2025-07-02,cds_5y_usd,144.7900
2025-07-03,cds_5y_usd,139.4300
2025-07-04,cds_5y_usd,139.3700
2025-07-07,cds_5y_usd,143.8100
2025-07-08,cds_5y_usd,144.8100
2025-07-09,cds_5y_usd,141.3000
2025-07-10,cds_5y_usd,147.7600
2025-07-11,cds_5y_usd,147.7800
2025-07-14,cds_5y_usd,147.7600
2025-07-15,cds_5y_usd,147.8200
2025-07-16,cds_5y_usd,150.1500
2025-07-17,cds_5y_usd,147.7800
2025-07-18,cds_5y_usd,145.7500
2025-07-21,cds_5y_usd,145.7600
2025-07-22,cds_5y_usd,147.2300
2025-07-23,cds_5y_usd,147.3200
2025-07-24,cds_5y_usd,144.8300
2025-07-25,cds_5y_usd,147.2800
2025-07-28,cds_5y_usd,147.2600
2025-07-29,cds_5y_usd,149.2100
2025-07-30,cds_5y_usd,150.2600
2025-07-31,cds_5y_usd,147.7500
2025-08-01,cds_5y_usd,151.9700
2025-08-04,cds_5y_usd,149.2600
2025-08-05,cds_5y_usd,150.7500
2025-08-06,cds_5y_usd,149.2600
2025-08-07,cds_5y_usd,144.8300
2025-08-08,cds_5y_usd,141.4100
2025-08-11,cds_5y_usd,138.4100
2025-08-12,cds_5y_usd,136.9200
2025-08-13,cds_5y_usd,133.9400
2025-08-14,cds_5y_usd,136.4800
2025-08-15,cds_5y_usd,136.4500
2025-08-18,cds_5y_usd,137.9500
2025-08-19,cds_5y_usd,138.8900
2025-08-20,cds_5y_usd,141.8400
2025-08-21,cds_5y_usd,141.4300
2025-08-22,cds_5y_usd,138.3300
2025-08-25,cds_5y_usd,138.9500
2025-08-26,cds_5y_usd,139.8800
2025-08-27,cds_5y_usd,138.9100
2025-08-28,cds_5y_usd,135.4700
2025-08-29,cds_5y_usd,136.8200
2025-09-01,cds_5y_usd,136.6600
2025-09-02,cds_5y_usd,139.4800
2025-09-03,cds_5y_usd,137.9700
2025-09-04,cds_5y_usd,136.8100
2025-09-05,cds_5y_usd,136.6400
2025-09-08,cds_5y_usd,136.8100
2025-09-09,cds_5y_usd,137.8300
2025-09-10,cds_5y_usd,133.6700
2025-09-11,cds_5y_usd,129.1900
2025-09-12,cds_5y_usd,132.5200
2025-09-15,cds_5y_usd,130.0200
2025-09-16,cds_5y_usd,128.3600
2025-09-17,cds_5y_usd,126.3900
2025-09-18,cds_5y_usd,125.8900
2025-09-19,cds_5y_usd,126.2200
2025-09-22,cds_5y_usd,136.8200
2025-09-23,cds_5y_usd,134.8200
2025-09-24,cds_5y_usd,134.6700
2025-09-25,cds_5y_usd,137.1700
2025-09-26,cds_5y_usd,137.8000
2025-09-29,cds_5y_usd,136.1400
2025-09-30,cds_5y_usd,135.8100
2025-10-01,cds_5y_usd,135.1300
2025-10-02,cds_5y_usd,135.6500
2025-10-03,cds_5y_usd,134.5000
2025-10-06,cds_5y_usd,133.7400
2025-10-07,cds_5y_usd,135.3200
2025-10-08,cds_5y_usd,138.1500
2025-10-09,cds_5y_usd,142.6300
2025-10-10,cds_5y_usd,159.2900
2025-10-13,cds_5y_usd,159.6700
2025-10-14,cds_5y_usd,152.0200
2025-10-15,cds_5y_usd,145.1000
2025-10-16,cds_5y_usd,148.5400
2025-10-17,cds_5y_usd,146.7600
2025-10-20,cds_5y_usd,142.9300
2025-10-21,cds_5y_usd,140.2900
2025-10-22,cds_5y_usd,146.7400
2025-10-23,cds_5y_usd,145.5700
2025-10-24,cds_5y_usd,144.2900
2025-10-27,cds_5y_usd,137.6100
2025-10-28,cds_5y_usd,136.6500
2025-10-29,cds_5y_usd,136.9700
2025-10-30,cds_5y_usd,138.6700
2025-10-31,cds_5y_usd,138.4700
2025-11-03,cds_5y_usd,138.6400
2025-11-04,cds_5y_usd,140.8100
2025-11-05,cds_5y_usd,140.2800
2025-11-06,cds_5y_usd,143.2300
2025-11-07,cds_5y_usd,146.0900
2025-11-10,cds_5y_usd,143.0500
2025-11-11,cds_5y_usd,140.7800
2025-11-12,cds_5y_usd,139.9600
2025-11-13,cds_5y_usd,140.3000
2025-11-14,cds_5y_usd,142.2900
2025-11-17,cds_5y_usd,141.2800
2025-11-18,cds_5y_usd,144.6300
2025-11-19,cds_5y_usd,144.2700
2025-11-20,cds_5y_usd,141.4500
2025-11-21,cds_5y_usd,145.7900
2025-11-24,cds_5y_usd,145.9200
2025-11-25,cds_5y_usd,144.4500
2025-11-26,cds_5y_usd,141.9600
2025-11-27,cds_5y_usd,140.9700
2025-11-28,cds_5y_usd,140.8100
2025-12-01,cds_5y_usd,141.8000
2025-12-02,cds_5y_usd,140.3000
2025-12-03,cds_5y_usd,137.1500
2025-12-04,cds_5y_usd,136.1700
2025-12-05,cds_5y_usd,135.3300
2025-12-08,cds_5y_usd,142.7800
2025-12-09,cds_5y_usd,142.8100
2025-12-10,cds_5y_usd,142.3000
2025-12-11,cds_5y_usd,140.4800
2025-12-12,cds_5y_usd,137.1500
2025-12-15,cds_5y_usd,135.3300
2025-12-16,cds_5y_usd,135.1700
2025-12-17,cds_5y_usd,139.5100
2025-12-18,cds_5y_usd,142.1500
2025-12-19,cds_5y_usd,140.9600
2025-12-22,cds_5y_usd,138.1300
2025-12-23,cds_5y_usd,137.8100
2025-12-24,cds_5y_usd,137.8200
2025-12-25,cds_5y_usd,137.8200
2025-12-26,cds_5y_usd,137.8200
2025-12-29,cds_5y_usd,138.8200
2025-12-30,cds_5y_usd,138.3200
2025-12-31,cds_5y_usd,138.3200
2026-01-01,cds_5y_usd,138.3100
2026-01-02,cds_5y_usd,137.8100
2026-01-05,cds_5y_usd,137.3300
2026-01-06,cds_5y_usd,136.6600
2026-01-07,cds_5y_usd,138.0100
2026-01-08,cds_5y_usd,138.4900
2026-01-09,cds_5y_usd,137.3200
2026-01-12,cds_5y_usd,136.9900
2026-01-13,cds_5y_usd,137.6600
2026-01-14,cds_5y_usd,139.8300
2026-01-15,cds_5y_usd,136.8100
2026-01-16,cds_5y_usd,136.3400
2026-01-19,cds_5y_usd,137.7500
2026-01-20,cds_5y_usd,137.4900
2026-01-21,cds_5y_usd,135.1700
2026-01-22,cds_5y_usd,133.0100
2026-01-23,cds_5y_usd,131.0300
2026-01-26,cds_5y_usd,130.5300
2026-01-27,cds_5y_usd,130.3700
2026-01-28,cds_5y_usd,130.2000
2026-01-29,cds_5y_usd,131.5300
2026-01-30,cds_5y_usd,129.0400
2026-02-02,cds_5y_usd,128.3800
2026-02-03,cds_5y_usd,127.2100
2026-02-04,cds_5y_usd,127.5500
2026-02-05,cds_5y_usd,128.5500
2026-02-06,cds_5y_usd,127.0400
2026-02-09,cds_5y_usd,125.8900
2026-02-10,cds_5y_usd,127.8900
2026-02-11,cds_5y_usd,128.7100
2026-02-12,cds_5y_usd,129.5400
2026-02-13,cds_5y_usd,128.8700
2026-02-16,cds_5y_usd,127.2200
2026-02-17,cds_5y_usd,129.0500
2026-02-18,cds_5y_usd,129.2100
2026-02-19,cds_5y_usd,129.7100
2026-02-20,cds_5y_usd,129.2000
2026-02-23,cds_5y_usd,127.8800
2026-02-24,cds_5y_usd,127.7200
2026-02-25,cds_5y_usd,127.7200
2026-02-26,cds_5y_usd,129.2200
2026-02-27,cds_5y_usd,130.5500
2026-03-02,cds_5y_usd,131.0400
2026-03-03,cds_5y_usd,134.7100
2026-03-04,cds_5y_usd,128.0300
2026-03-05,cds_5y_usd,127.8900
2026-03-06,cds_5y_usd,134.8800
2026-03-09,cds_5y_usd,136.0200
2026-03-10,cds_5y_usd,130.6900
2026-03-11,cds_5y_usd,129.3900
2026-03-12,cds_5y_usd,133.2100
2026-03-13,cds_5y_usd,138.1900
2026-03-16,cds_5y_usd,139.3300
2026-03-17,cds_5y_usd,136.3500
2026-03-18,cds_5y_usd,134.8600
2026-03-19,cds_5y_usd,137.1700
2026-03-20,cds_5y_usd,149.8400
2026-03-23,cds_5y_usd,141.9300
2026-03-24,cds_5y_usd,139.6500
2026-03-25,cds_5y_usd,134.9800
2026-03-26,cds_5y_usd,135.1800
2026-03-27,cds_5y_usd,140.9800
2026-03-30,cds_5y_usd,143.3100
2026-03-31,cds_5y_usd,141.1100
2026-04-01,cds_5y_usd,136.1500
2026-04-02,cds_5y_usd,137.4900
2026-04-03,cds_5y_usd,137.6600
2026-04-06,cds_5y_usd,136.8200
2026-04-07,cds_5y_usd,136.5000
2026-04-08,cds_5y_usd,129.8400
2026-04-09,cds_5y_usd,125.2100
2026-04-10,cds_5y_usd,126.3900
2026-04-13,cds_5y_usd,125.2200
2026-04-14,cds_5y_usd,122.9000
2026-04-15,cds_5y_usd,126.0800
2026-04-16,cds_5y_usd,128.0800
2026-04-17,cds_5y_usd,124.5400
2026-04-20,cds_5y_usd,123.9000
2026-04-21,cds_5y_usd,123.9000
2026-04-22,cds_5y_usd,123.8900
2026-04-23,cds_5y_usd,122.9000
2026-04-24,cds_5y_usd,123.8900
2026-04-27,cds_5y_usd,123.5600
2026-04-28,cds_5y_usd,123.4000
2026-04-29,cds_5y_usd,124.0600
2026-05-01,cds_5y_usd,118.9100
2026-05-04,cds_5y_usd,120.2500
2026-05-05,cds_5y_usd,118.4200
2026-05-07,cds_5y_usd,116.2700
2026-05-08,cds_5y_usd,117.7600
2026-05-11,cds_5y_usd,117.7600
2026-05-12,cds_5y_usd,119.2600
2026-05-13,cds_5y_usd,119.5800
2026-05-14,cds_5y_usd,121.2600
2026-05-15,cds_5y_usd,124.0700
2026-05-18,cds_5y_usd,123.7300
2026-05-19,cds_5y_usd,125.2400
2026-05-20,cds_5y_usd,124.0600
2026-05-21,cds_5y_usd,122.9100
2026-05-22,cds_5y_usd,120.5800
2026-05-25,cds_5y_usd,119.9200
2026-05-26,cds_5y_usd,119.9200
2026-05-27,cds_5y_usd,120.0900
2026-05-28,cds_5y_usd,119.9200
2026-05-29,cds_5y_usd,119.4200
2026-06-01,cds_5y_usd,118.7600
2026-06-02,cds_5y_usd,118.4300
2026-06-03,cds_5y_usd,120.4300
2026-06-04,cds_5y_usd,120.9200
2026-06-05,cds_5y_usd,122.2500
2026-06-08,cds_5y_usd,123.7400
2026-06-09,cds_5y_usd,123.2200
2026-06-10,cds_5y_usd,127.0700
2026-06-11,cds_5y_usd,126.5500
2026-06-12,cds_5y_usd,125.4200
2026-06-15,cds_5y_usd,123.5600
2026-06-16,cds_5y_usd,122.0700
2026-06-17,cds_5y_usd,123.3300
2026-06-18,cds_5y_usd,123.7100
2026-06-19,cds_5y_usd,124.7300
2026-06-22,cds_5y_usd,124.7300
2026-06-23,cds_5y_usd,126.5600
2026-06-24,cds_5y_usd,126.2300
2026-06-25,cds_5y_usd,126.7300
2026-06-26,cds_5y_usd,128.0600
2026-06-29,cds_5y_usd,126.5500
2026-06-30,cds_5y_usd,125.2300
2026-07-01,cds_5y_usd,125.5600
2026-07-02,cds_5y_usd,124.9000
2026-07-03,cds_5y_usd,124.9000
2026-07-06,cds_5y_usd,124.5600
2026-07-07,cds_5y_usd,125.7400
2026-07-08,cds_5y_usd,126.8900
2026-07-09,cds_5y_usd,125.2300
2026-07-10,cds_5y_usd,123.9000
2026-07-13,cds_5y_usd,124.0700
2026-07-14,cds_5y_usd,123.5700
2026-07-15,cds_5y_usd,122.9100
2026-07-16,cds_5y_usd,122.9200
2026-07-17,cds_5y_usd,124.5800
2026-07-20,cds_5y_usd,124.5600
2026-07-21,cds_5y_usd,123.0800
2026-07-22,cds_5y_usd,121.5800
2026-07-23,cds_5y_usd,124.2500
2026-07-24,cds_5y_usd,124.4000
2026-07-27,cds_5y_usd,123.7400
2026-07-28,cds_5y_usd,125.0800
2026-07-29,cds_5y_usd,127.7300
2026-07-30,cds_5y_usd,126.2300
2026-07-31,cds_5y_usd,125.9000
2026-08-03,cds_5y_usd,122.7400
2026-08-04,cds_5y_usd,119.4200
2026-08-05,cds_5y_usd,121.2600
2026-08-06,cds_5y_usd,121.7600
2026-08-07,cds_5y_usd,121.9100
2026-08-10,cds_5y_usd,121.9200
2026-08-11,cds_5y_usd,123.4100
2026-08-12,cds_5y_usd,123.5800
2026-08-13,cds_5y_usd,124.2400
2026-08-14,cds_5y_usd,126.2400
2026-08-17,cds_5y_usd,126.5600
2026-08-18,cds_5y_usd,126.7300
2026-08-19,cds_5y_usd,125.9000
2026-08-20,cds_5y_usd,125.4100
2026-08-21,cds_5y_usd,124.2400
2026-08-24,cds_5y_usd,123.4100
2026-08-25,cds_5y_usd,119.5800
2026-08-26,cds_5y_usd,119.1000
2026-08-27,cds_5y_usd,118.2600
2026-08-28,cds_5y_usd,119.7600
2026-08-31,cds_5y_usd,121.0800
2026-09-01,cds_5y_usd,121.4200
2026-09-02,cds_5y_usd,117.9200
2026-09-03,cds_5y_usd,115.6000
2026-09-04,cds_5y_usd,114.2800
2026-09-07,cds_5y_usd,114.2800
