date,vol_implicita_3m
2003-10-01,13.9
2003-10-02,13.9
2003-10-16,13.4
2003-10-17,13.75
2003-10-20,13.75
2003-10-21,13.35
2003-10-22,13.35
2003-10-23,13.25
2003-10-24,13.2
2003-10-27,13.05
2003-10-28,12.95
2003-10-29,13.0
2003-10-30,13.05
2003-10-31,13.0
2003-11-03,13.0
2003-11-04,12.95
2003-11-05,12.4
2003-11-06,12.45
2003-11-07,12.3
2003-11-10,11.95
2003-11-11,11.95
2003-11-12,12.15
2003-11-13,12.4
2003-11-14,12.95
2003-11-17,13.25
2003-11-18,13.1
2003-11-19,13.0
2003-11-20,12.9
2003-11-21,12.5
2003-11-24,12.0
2003-11-25,11.75
2003-11-26,11.65
2003-11-27,11.65
2003-11-28,11.5
2003-12-01,11.6
2003-12-02,11.25
2003-12-03,11.15
2003-12-04,10.8
2003-12-05,10.25
2003-12-08,10.2
2003-12-09,9.9
2003-12-10,9.9
2003-12-11,10.0
2003-12-12,10.0
2003-12-15,9.65
2003-12-16,9.8
2003-12-17,9.75
2003-12-18,9.6
2003-12-19,9.6
2003-12-22,9.7
2003-12-23,9.85
2003-12-24,9.75
2003-12-25,9.75
2003-12-26,9.75
2003-12-29,9.9
2003-12-30,10.1
2003-12-31,10.1
2004-01-01,10.05
2004-01-02,10.25
2004-01-05,11.15
2004-01-06,11.5
2004-01-07,11.25
2004-01-08,10.1
2004-01-09,9.7
2004-01-12,10.75
2004-01-13,11.95
2004-01-14,11.5
2004-01-15,11.5
2004-01-16,10.85
2004-01-19,11.1
2004-01-20,10.55
2004-01-21,10.6
2004-01-22,10.9
2004-01-23,10.5
2004-01-26,10.5
2004-01-27,11.0
2004-01-28,11.4
2004-01-29,12.0
2004-01-30,12.25
2004-02-02,13.0
2004-02-03,12.9
2004-02-04,12.5
2004-02-05,13.55
2004-02-06,13.55
2004-02-09,13.0
2004-02-10,12.5
2004-02-11,12.25
2004-02-12,12.45
2004-02-13,12.5
2004-02-16,13.25
2004-02-17,12.7
2004-02-18,12.7
2004-02-19,12.7
2004-02-20,13.2
2004-02-23,14.2
2004-02-24,14.25
2004-02-25,14.5
2004-02-26,14.5
2004-02-27,13.5
2004-03-01,14.3
2004-03-02,13.25
2004-03-03,13.25
2004-03-04,13.4
2004-03-05,12.9
2004-03-08,13.15
2004-03-09,12.25
2004-03-10,12.5
2004-03-11,12.65
2004-03-12,12.65
2004-03-15,12.25
2004-03-16,11.95
2004-03-17,12.0
2004-03-18,12.05
2004-03-19,11.75
2004-03-22,11.5
2004-03-23,11.65
2004-03-24,12.5
2004-03-25,12.15
2004-03-26,12.65
2004-03-29,12.25
2004-03-30,11.9
2004-03-31,11.75
2004-04-01,11.4
2004-04-02,11.4
2004-04-05,11.1
2004-04-06,11.0
2004-04-07,11.0
2004-04-08,11.0
2004-04-12,10.9
2004-04-13,10.75
2004-04-14,10.85
2004-04-15,11.55
2004-04-16,11.5
2004-04-19,11.25
2004-04-20,12.1
2004-04-21,12.5
2004-04-22,12.8
2004-04-23,12.4
2004-04-26,12.2
2004-04-27,11.75
2004-04-28,12.65
2004-04-29,13.75
2004-04-30,13.1
2004-05-03,14.4
2004-05-04,14.4
2004-05-05,14.4
2004-05-06,14.5
2004-05-07,16.4
2004-05-10,18.5
2004-05-11,18.2
2004-05-12,19.15
2004-05-13,20.1
2004-05-14,20.1
2004-05-18,19.25
2004-05-19,20.0
2004-05-20,21.2
2004-05-21,21.5
2004-05-24,21.0
2004-05-25,18.75
2004-05-26,19.75
2004-05-27,19.65
2004-05-28,18.5
2004-06-01,19.75
2004-06-02,18.65
2004-06-03,18.8
2004-06-07,18.25
2004-06-08,18.3
2004-06-09,18.3
2004-06-10,18.25
2004-06-11,16.9
2004-06-14,16.9
2004-06-15,16.4
2004-06-16,16.15
2004-06-17,16.15
2004-06-18,16.15
2004-06-21,15.55
2004-06-22,15.15
2004-06-23,15.0
2004-06-24,14.35
2004-06-25,14.1
2004-06-28,14.15
2004-06-29,14.3
2004-06-30,14.0
2004-07-01,14.0
2004-07-02,12.75
2004-07-05,12.75
2004-07-06,12.65
2004-07-07,12.5
2004-07-08,12.75
2004-07-09,13.1
2004-07-12,13.1
2004-07-13,12.8
2004-07-14,13.0
2004-07-15,13.15
2004-07-16,13.1
2004-07-19,12.65
2004-07-20,12.75
2004-07-21,13.4
2004-07-22,13.45
2004-07-23,12.65
2004-07-29,13.05
2004-07-30,12.65
2004-08-02,12.9
2004-08-03,12.85
2004-08-04,12.7
2004-08-05,13.2
2004-08-06,12.55
2004-08-09,12.4
2004-08-10,12.25
2004-08-11,12.3
2004-08-12,12.0
2004-08-13,11.8
2004-08-16,12.15
2004-08-17,12.0
2004-08-18,12.25
2004-08-19,12.25
2004-08-20,12.05
2004-08-23,12.0
2004-08-24,11.65
2004-08-25,11.3
2004-08-26,11.3
2004-08-27,11.25
2004-09-01,12.25
2004-09-02,12.25
2004-09-03,11.75
2004-09-07,11.4
2004-09-08,11.45
2004-09-09,11.4
2004-09-10,11.5
2004-09-13,11.5
2004-09-14,11.8
2004-09-15,11.8
2004-09-16,11.15
2004-09-17,10.8
2004-09-20,10.15
2004-09-21,10.0
2004-09-22,10.05
2004-09-23,10.35
2004-09-24,10.5
2004-09-27,10.6
2004-09-28,10.7
2004-09-29,10.75
2004-09-30,10.95
2004-10-01,10.75
2004-10-04,10.75
2004-10-05,10.75
2004-10-06,10.5
2004-10-07,10.9
2004-10-08,11.0
2004-10-11,10.75
2004-10-12,10.65
2004-10-13,11.25
2004-10-14,12.0
2004-10-15,11.85
2004-10-18,11.55
2004-10-19,11.75
2004-10-20,12.0
2004-10-21,11.55
2004-10-22,11.75
2004-10-25,11.75
2004-10-26,11.95
2004-10-27,11.75
2004-10-28,11.8
2004-10-29,11.5
2004-11-01,11.25
2004-11-02,11.55
2004-11-03,10.75
2004-11-04,10.65
2004-11-05,10.55
2004-11-08,10.5
2004-11-09,10.75
2004-11-10,10.4
2004-11-11,10.85
2004-11-12,10.25
2004-11-15,10.35
2004-11-16,10.5
2004-11-17,10.75
2004-11-18,11.5
2004-11-19,11.9
2004-11-22,12.15
2004-11-23,12.05
2004-11-24,12.0
2004-11-25,10.4
2004-11-26,11.5
2004-11-29,11.5
2004-11-30,11.35
2004-12-01,11.85
2004-12-02,12.5
2004-12-03,12.5
2004-12-06,12.75
2004-12-07,12.75
2004-12-08,12.5
2004-12-09,12.45
2004-12-10,12.5
2004-12-13,12.5
2004-12-14,12.2
2004-12-15,12.0
2004-12-16,12.0
2004-12-17,12.0
2004-12-20,11.594
2004-12-21,12.25
2004-12-22,11.825
2004-12-23,11.763
2004-12-24,11.95
2004-12-27,12.15
2004-12-28,12.5
2004-12-29,12.15
2004-12-30,12.25
2005-01-03,12.5
2005-01-04,12.75
2005-01-05,13.0
2005-01-06,12.5
2005-01-07,13.5
2005-01-10,13.5
2005-01-11,13.5
2005-01-12,13.5
2005-01-13,13.5
2005-01-14,13.5
2005-01-17,13.5
2005-01-18,13.5
2005-01-19,13.5
2005-01-20,13.5
2005-01-21,13.5
2005-01-24,13.5
2005-01-25,13.5
2005-01-26,13.5
2005-01-27,13.5
2005-01-28,13.5
2005-01-31,13.5
2005-02-01,13.5
2005-02-02,13.5
2005-02-03,13.5
2005-02-04,13.5
2005-02-07,13.5
2005-02-08,13.5
2005-02-09,13.5
2005-02-10,13.5
2005-02-11,13.5
2005-02-14,12.65
2005-02-15,12.65
2005-02-16,12.5
2005-02-17,12.75
2005-02-18,12.75
2005-02-21,11.8
2005-02-22,13.3
2005-02-23,13.5
2005-02-24,13.5
2005-02-25,14.15
2005-02-28,13.8
2005-03-01,14.05
2005-03-02,14.9
2005-03-03,15.5
2005-03-04,14.5
2005-03-07,13.75
2005-03-08,14.5
2005-03-09,14.35
2005-03-10,14.5
2005-03-11,14.0
2005-03-14,14.5
2005-03-15,14.9
2005-03-16,14.25
2005-03-17,14.1
2005-03-18,13.75
2005-03-21,14.15
2005-03-22,13.75
2005-03-23,14.65
2005-03-24,13.7
2005-03-25,13.7
2005-03-28,13.5
2005-03-29,13.65
2005-03-30,13.7
2005-03-31,14.05
2005-04-01,13.75
2005-04-04,13.8
2005-04-05,13.7
2005-04-06,14.0
2005-04-07,13.9
2005-04-08,13.55
2005-04-11,13.4
2005-04-12,13.25
2005-04-13,13.0
2005-04-14,13.05
2005-04-15,13.5
2005-04-18,13.6
2005-04-19,13.5
2005-04-20,13.5
2005-04-21,13.45
2005-04-22,13.45
2005-04-25,13.4
2005-04-26,13.5
2005-04-27,13.65
2005-04-28,13.8
2005-04-29,13.65
2005-05-02,13.9
2005-05-03,14.15
2005-05-04,14.1
2005-05-05,14.1
2005-05-06,13.9
2005-05-09,13.6
2005-05-10,13.4
2005-05-11,13.9
2005-05-12,13.7
2005-05-13,13.85
2005-05-16,13.75
2005-05-17,13.75
2005-05-18,13.35
2005-05-19,13.25
2005-05-20,13.15
2005-05-23,12.55
2005-05-24,12.7
2005-05-25,12.4
2005-05-26,12.5
2005-05-27,12.55
2005-05-30,14.0
2005-05-31,13.15
2005-06-01,13.25
2005-06-02,13.45
2005-06-03,13.5
2005-06-06,14.1
2005-06-07,14.55
2005-06-08,14.6
2005-06-09,15.7
2005-06-10,15.35
2005-06-13,14.8
2005-06-14,14.5
2005-06-15,14.6
2005-06-16,13.9
2005-06-17,13.75
2005-06-20,13.65
2005-06-21,13.5
2005-06-22,13.4
2005-06-23,13.65
2005-06-24,13.6
2005-06-27,13.35
2005-06-28,13.45
2005-06-29,13.75
2005-06-30,13.35
2005-07-01,13.4
2005-07-04,13.75
2005-07-05,13.75
2005-07-06,14.05
2005-07-07,14.0
2005-07-08,13.75
2005-07-11,13.75
2005-07-12,13.75
2005-07-13,13.65
2005-07-14,13.65
2005-07-15,13.65
2005-07-18,13.5
2005-07-19,13.5
2005-07-20,14.25
2005-07-21,13.75
2005-07-22,13.75
2005-07-25,16.0
2005-07-26,16.15
2005-07-27,15.35
2005-07-28,13.75
2005-07-29,14.7
2005-08-01,14.8
2005-08-02,14.5
2005-08-03,14.25
2005-08-04,14.5
2005-08-05,14.5
2005-08-08,14.8
2005-08-09,13.75
2005-08-10,15.3
2005-08-11,16.1
2005-08-12,17.75
2005-08-15,16.5
2005-08-16,16.6
2005-08-17,16.0
2005-08-18,16.5
2005-08-19,18.0
2005-08-22,16.45
2005-08-23,18.4
2005-08-24,18.6
2005-08-25,17.65
2005-08-26,17.0
2005-08-29,16.65
2005-08-30,16.5
2005-08-31,16.1
2005-09-01,16.15
2005-09-02,15.75
2005-09-05,13.75
2005-09-06,15.5
2005-09-07,16.5
2005-09-08,15.25
2005-09-09,14.65
2005-09-12,14.65
2005-09-13,14.8
2005-09-14,14.65
2005-09-15,13.75
2005-09-16,14.5
2005-09-19,14.5
2005-09-20,14.25
2005-09-21,14.3
2005-09-22,14.5
2005-09-23,14.0
2005-09-26,13.75
2005-09-27,14.1
2005-09-28,13.85
2005-09-29,14.15
2005-09-30,14.7
2005-10-03,14.5
2005-10-04,14.75
2005-10-05,14.9
2005-10-06,15.7
2005-10-07,15.2
2005-10-10,14.9
2005-10-11,14.9
2005-10-12,15.15
2005-10-13,15.7
2005-10-14,15.35
2005-10-17,14.9
2005-10-18,15.1
2005-10-19,15.2
2005-10-20,15.15
2005-10-21,15.35
2005-10-24,15.0
2005-10-25,14.65
2005-10-26,14.5
2005-10-27,14.75
2005-10-28,14.25
2005-10-31,14.15
2005-11-01,13.75
2005-11-02,13.85
2005-11-03,13.8
2005-11-04,13.65
2005-11-07,13.65
2005-11-08,13.75
2005-11-09,13.8
2005-11-10,13.8
2005-11-11,13.75
2005-11-14,14.2
2005-11-15,13.75
2005-11-16,14.45
2005-11-17,14.4
2005-11-18,14.11
2005-11-21,14.8
2005-11-22,15.3
2005-11-23,14.95
2005-11-24,14.8
2005-11-25,14.35
2005-11-28,14.6
2005-11-29,14.3
2005-11-30,14.7
2005-12-01,14.6
2005-12-02,14.35
2005-12-05,14.4
2005-12-06,14.4
2005-12-07,14.5
2005-12-08,14.85
2005-12-09,14.3
2005-12-12,15.7
2005-12-13,15.5
2005-12-14,15.25
2005-12-15,15.8
2005-12-16,16.45
2005-12-19,17.45
2005-12-20,16.6
2005-12-21,16.6
2005-12-22,16.55
2005-12-23,16.75
2005-12-26,16.21
2005-12-27,16.75
2005-12-28,16.5
2005-12-29,16.3
2005-12-30,16.5
2006-01-02,15.52
2006-01-03,15.95
2006-01-04,15.8
2006-01-05,16.2
2006-01-06,16.4
2006-01-09,16.25
2006-01-10,16.378
2006-01-11,16.503
2006-01-12,16.4
2006-01-13,16.25
2006-01-16,16.25
2006-01-17,16.15
2006-01-18,15.99
2006-01-19,16.253
2006-01-20,16.003
2006-01-23,16.0
2006-01-24,16.003
2006-01-25,16.0
2006-01-26,15.375
2006-01-27,15.2
2006-01-30,15.1
2006-01-31,15.05
2006-02-01,15.2
2006-02-02,15.0
2006-02-03,15.053
2006-02-06,15.15
2006-02-07,15.25
2006-02-08,15.103
2006-02-09,14.8
2006-02-10,15.003
2006-02-13,15.25
2006-02-14,15.2
2006-02-15,15.15
2006-02-16,15.1
2006-02-17,15.003
2006-02-20,15.003
2006-02-21,15.253
2006-02-22,15.0
2006-02-23,15.25
2006-02-24,15.253
2006-02-27,15.175
2006-02-28,15.175
2006-03-01,15.128
2006-03-02,14.725
2006-03-03,15.15
2006-03-06,14.975
2006-03-07,15.487
2006-03-08,16.533
2006-03-09,16.108
2006-03-10,16.253
2006-03-13,16.2
2006-03-14,15.9
2006-03-15,16.2
2006-03-16,15.603
2006-03-17,15.65
2006-03-20,15.9
2006-03-21,16.103
2006-03-22,16.252
2006-03-23,16.1
2006-03-24,16.1
2006-03-27,16.5
2006-03-28,17.003
2006-03-29,16.625
2006-03-30,16.5
2006-03-31,16.15
2006-04-03,16.203
2006-04-04,15.5
2006-04-05,16.15
2006-04-06,16.1
2006-04-07,16.3
2006-04-10,16.003
2006-04-11,15.903
2006-04-12,15.5
2006-04-13,15.803
2006-04-14,15.95
2006-04-17,15.1
2006-04-18,15.253
2006-04-19,15.253
2006-04-20,15.378
2006-04-21,14.6
2006-04-24,14.853
2006-04-25,14.503
2006-04-26,15.45
2006-04-27,14.3
2006-04-28,14.0
2006-05-01,14.0
2006-05-02,14.15
2006-05-03,14.1
2006-05-04,14.05
2006-05-05,14.0
2006-05-08,14.1
2006-05-09,14.0
2006-05-10,13.95
2006-05-11,14.4
2006-05-12,16.5
2006-05-15,15.55
2006-05-16,15.877
2006-05-17,17.114
2006-05-18,17.3
2006-05-19,16.9
2006-05-22,19.0
2006-05-23,19.55
2006-05-24,16.5
2006-05-25,19.506
2006-05-26,18.006
2006-05-29,18.41
2006-05-30,20.9
2006-05-31,19.75
2006-06-01,19.0
2006-06-02,19.0
2006-06-05,19.0
2006-06-06,19.0
2006-06-07,19.0
2006-06-08,20.5
2006-06-09,18.25
2006-06-12,18.25
2006-06-13,18.25
2006-06-14,18.3
2006-06-15,18.25
2006-06-16,18.25
2006-06-19,18.25
2006-06-20,17.6
2006-06-21,17.6
2006-06-22,17.0
2006-06-23,17.5
2006-06-26,17.05
2006-06-27,17.15
2006-06-28,17.15
2006-06-29,17.15
2006-06-30,16.675
2006-07-03,16.5
2006-07-04,16.5
2006-07-05,16.1
2006-07-06,16.2
2006-07-07,15.0
2006-07-10,15.25
2006-07-11,15.15
2006-07-12,15.004
2006-07-13,15.25
2006-07-14,15.1
2006-07-17,15.1
2006-07-18,15.0
2006-07-19,14.875
2006-07-20,14.55
2006-07-21,14.55
2006-07-24,14.004
2006-07-25,13.62
2006-07-26,13.754
2006-07-27,13.5
2006-07-28,13.504
2006-07-31,13.5
2006-08-01,13.754
2006-08-02,13.7
2006-08-03,13.97
2006-08-04,13.4
2006-08-07,13.4
2006-08-08,13.4
2006-08-09,13.5
2006-08-10,13.5
2006-08-11,13.5
2006-08-14,13.1
2006-08-15,13.1
2006-08-16,13.1
2006-08-17,12.85
2006-08-18,12.85
2006-08-21,12.75
2006-08-22,12.5
2006-08-23,12.5
2006-08-24,12.75
2006-08-25,12.75
2006-08-28,12.75
2006-08-29,12.75
2006-08-30,13.1
2006-08-31,13.1
2006-09-01,13.1
2006-09-04,13.1
2006-09-05,12.95
2006-09-06,12.85
2006-09-07,13.0
2006-09-08,12.9
2006-09-11,12.9
2006-09-12,13.2
2006-09-13,13.1
2006-09-14,12.9
2006-09-15,12.675
2006-09-18,12.6
2006-09-19,12.6
2006-09-20,13.2
2006-09-21,13.3
2006-09-22,14.35
2006-09-25,14.175
2006-09-26,14.0
2006-09-27,13.8
2006-09-28,12.904
2006-09-29,12.65
2006-10-02,12.318
2006-10-03,12.2
2006-10-04,12.1
2006-10-05,11.85
2006-10-06,11.825
2006-10-09,11.825
2006-10-10,11.825
2006-10-11,10.75
2006-10-12,11.15
2006-10-13,10.75
2006-10-16,10.75
2006-10-17,10.725
2006-10-18,10.879
2006-10-19,10.7
2006-10-20,10.7
2006-10-23,10.7
2006-10-24,11.05
2006-10-25,11.125
2006-10-26,10.9
2006-10-27,11.05
2006-10-30,10.59
2006-10-31,10.8
2006-11-01,10.6
2006-11-02,10.6
2006-11-03,10.2
2006-11-06,10.2
2006-11-07,10.3
2006-11-08,10.25
2006-11-09,10.25
2006-11-10,10.2
2006-11-13,10.2
2006-11-14,10.225
2006-11-15,10.175
2006-11-16,10.175
2006-11-17,10.175
2006-11-20,10.175
2006-11-21,10.1
2006-11-22,10.0
2006-11-23,10.0
2006-11-24,10.2
2006-11-27,10.2
2006-11-28,10.6
2006-11-29,9.875
2006-11-30,10.075
2006-12-01,9.75
2006-12-04,9.75
2006-12-05,9.55
2006-12-06,9.55
2006-12-07,9.55
2006-12-08,9.55
2006-12-11,8.8
2006-12-12,9.3
2006-12-13,9.2
2006-12-14,9.15
2006-12-15,9.15
2006-12-18,9.0
2006-12-19,9.25
2006-12-20,9.225
2006-12-21,9.25
2006-12-22,9.2
2006-12-25,9.2
2006-12-26,9.15
2006-12-27,9.15
2006-12-28,9.2
2006-12-29,9.2
2007-01-01,9.2
2007-01-02,9.05
2007-01-03,9.05
2007-01-04,9.2
2007-01-05,9.15
2007-01-08,9.15
2007-01-09,9.2
2007-01-10,9.2
2007-01-11,9.3
2007-01-12,9.05
2007-01-15,9.05
2007-01-16,8.5
2007-01-17,8.5
2007-01-18,8.5
2007-01-19,8.5
2007-01-22,8.0
2007-01-23,8.0
2007-01-24,8.0
2007-01-25,8.0
2007-01-26,8.0
2007-01-29,8.0
2007-01-30,8.075
2007-01-31,8.05
2007-02-01,8.05
2007-02-02,8.05
2007-02-05,8.5
2007-02-06,8.8
2007-02-07,8.7
2007-02-08,8.95
2007-02-09,9.1
2007-02-12,9.2
2007-02-13,9.2
2007-02-14,9.2
2007-02-15,8.525
2007-02-16,8.525
2007-02-19,8.604
2007-02-20,8.604
2007-02-21,8.6
2007-02-22,8.525
2007-02-23,8.525
2007-02-26,9.0
2007-02-27,9.375
2007-02-28,9.375
2007-03-01,11.004
2007-03-02,11.25
2007-03-05,11.4
2007-03-06,11.4
2007-03-07,11.4
2007-03-08,11.4
2007-03-09,9.925
2007-03-12,9.925
2007-03-13,9.925
2007-03-14,10.25
2007-03-15,10.125
2007-03-16,10.15
2007-03-19,9.85
2007-03-20,10.025
2007-03-21,9.55
2007-03-22,9.489
2007-03-23,9.794
2007-03-26,9.75
2007-03-27,9.75
2007-03-28,9.75
2007-03-29,9.75
2007-03-30,9.96
2007-04-02,9.75
2007-04-03,9.51
2007-04-04,9.4
2007-04-05,9.3
2007-04-06,9.65
2007-04-09,9.275
2007-04-10,9.275
2007-04-11,9.35
2007-04-12,9.35
2007-04-13,9.3
2007-04-16,9.55
2007-04-17,9.3
2007-04-18,9.3
2007-04-19,8.95
2007-04-20,8.95
2007-04-23,8.95
2007-04-24,8.925
2007-04-25,8.379
2007-04-26,8.3
2007-04-27,8.45
2007-04-30,8.45
2007-05-01,8.45
2007-05-02,8.5
2007-05-03,8.6
2007-05-04,8.6
2007-05-07,8.12
2007-05-08,8.6
2007-05-09,9.05
2007-05-10,9.1
2007-05-11,9.1
2007-05-14,9.4
2007-05-15,9.4
2007-05-16,9.4
2007-05-17,10.1
2007-05-18,10.002
2007-05-21,10.35
2007-05-22,10.152
2007-05-23,10.15
2007-05-24,10.35
2007-05-25,10.35
2007-05-28,10.35
2007-05-29,10.5
2007-05-30,10.5
2007-05-31,10.65
2007-06-01,10.525
2007-06-04,10.75
2007-06-05,10.232
2007-06-06,11.0
2007-06-07,11.002
2007-06-08,11.025
2007-06-11,10.232
2007-06-12,10.232
2007-06-13,11.25
2007-06-14,10.55
2007-06-15,10.75
2007-06-18,10.75
2007-06-19,10.75
2007-06-20,10.65
2007-06-21,11.0
2007-06-22,10.975
2007-06-25,11.05
2007-06-26,11.35
2007-06-27,11.35
2007-06-28,11.15
2007-06-29,10.825
2007-07-02,10.825
2007-07-03,10.825
2007-07-04,10.825
2007-07-05,10.825
2007-07-06,10.825
2007-07-09,10.825
2007-07-10,10.825
2007-07-11,10.825
2007-07-12,10.55
2007-07-13,10.6
2007-07-16,10.6
2007-07-17,10.6
2007-07-18,10.7
2007-07-19,10.7
2007-07-20,10.625
2007-07-23,10.65
2007-07-24,10.65
2007-07-25,10.85
2007-07-26,10.85
2007-07-27,10.85
2007-07-30,10.85
2007-07-31,11.75
2007-08-01,12.775
2007-08-02,12.775
2007-08-03,11.6
2007-08-06,11.6
2007-08-07,11.6
2007-08-08,11.8
2007-08-09,11.8
2007-08-10,11.8
2007-08-13,11.8
2007-08-14,13.0
2007-08-15,15.015
2007-08-16,16.503
2007-08-17,16.5
2007-08-20,15.5
2007-08-21,17.2
2007-08-22,16.1
2007-08-23,14.725
2007-08-24,14.725
2007-08-27,14.725
2007-08-28,15.0
2007-08-29,15.0
2007-08-30,16.2
2007-08-31,16.625
2007-09-03,16.625
2007-09-04,15.25
2007-09-05,15.25
2007-09-06,15.1
2007-09-07,14.5
2007-09-10,14.5
2007-09-11,14.5
2007-09-12,14.35
2007-09-13,14.25
2007-09-14,14.25
2007-09-17,13.575
2007-09-18,13.925
2007-09-19,13.0
2007-09-20,13.0
2007-09-21,13.0
2007-09-24,13.0
2007-09-25,13.25
2007-09-26,13.495
2007-09-27,13.59
2007-09-28,13.1
2007-10-01,13.2
2007-10-02,13.2
2007-10-03,13.25
2007-10-04,13.35
2007-10-05,12.625
2007-10-08,12.625
2007-10-09,12.515
2007-10-10,12.375
2007-10-11,12.54
2007-10-12,12.85
2007-10-15,13.05
2007-10-16,13.15
2007-10-17,13.35
2007-10-18,13.25
2007-10-19,13.876
2007-10-22,14.608
2007-10-23,14.302
2007-10-24,14.287
2007-10-25,14.0
2007-10-26,14.17
2007-10-29,14.002
2007-10-30,14.002
2007-10-31,14.0
2007-11-01,14.15
2007-11-02,14.15
2007-11-05,14.297
2007-11-06,14.2
2007-11-07,14.9
2007-11-08,14.875
2007-11-09,15.625
2007-11-12,15.75
2007-11-13,15.75
2007-11-14,15.55
2007-11-15,14.7
2007-11-16,15.825
2007-11-19,15.7
2007-11-20,16.425
2007-11-21,16.625
2007-11-22,16.7
2007-11-23,17.125
2007-11-26,17.752
2007-11-27,18.925
2007-11-28,18.925
2007-11-29,17.05
2007-11-30,16.5
2007-12-03,16.0
2007-12-04,15.75
2007-12-05,15.25
2007-12-06,15.025
2007-12-07,15.025
2007-12-10,14.875
2007-12-11,14.9
2007-12-12,15.1
2007-12-13,15.1
2007-12-14,15.625
2007-12-17,16.0
2007-12-18,15.2
2007-12-19,14.35
2007-12-20,14.503
2007-12-21,14.3
2007-12-24,14.225
2007-12-25,14.6
2007-12-26,14.003
2007-12-27,13.8
2007-12-28,14.003
2007-12-31,13.8
2008-01-01,13.8
2008-01-02,14.45
2008-01-03,14.65
2008-01-04,14.45
2008-01-07,14.55
2008-01-08,15.15
2008-01-09,15.1
2008-01-10,15.128
2008-01-11,14.9
2008-01-14,15.0
2008-01-15,14.875
2008-01-16,15.275
2008-01-17,15.43
2008-01-18,14.8
2008-01-21,16.55
2008-01-22,16.75
2008-01-23,15.75
2008-01-24,15.75
2008-01-25,15.128
2008-01-28,15.5
2008-01-29,15.0
2008-01-30,15.0
2008-01-31,15.0
2008-02-01,14.9
2008-02-04,14.9
2008-02-05,15.05
2008-02-06,14.95
2008-02-07,14.75
2008-02-08,14.45
2008-02-11,13.8
2008-02-12,13.725
2008-02-13,13.15
2008-02-14,13.125
2008-02-15,12.9
2008-02-18,12.7
2008-02-19,12.9
2008-02-20,12.775
2008-02-21,12.875
2008-02-22,13.55
2008-02-25,13.45
2008-02-26,13.25
2008-02-27,13.45
2008-02-28,13.602
2008-02-29,14.05
2008-03-03,14.15
2008-03-04,14.25
2008-03-05,14.1
2008-03-06,14.55
2008-03-07,14.4
2008-03-10,14.5
2008-03-11,14.85
2008-03-12,14.35
2008-03-13,14.325
2008-03-14,14.35
2008-03-17,14.35
2008-03-18,14.45
2008-03-19,14.5
2008-03-20,14.4
2008-03-21,15.1
2008-03-24,14.276
2008-03-25,14.05
2008-03-26,13.75
2008-03-27,13.75
2008-03-28,13.5
2008-03-31,13.67
2008-04-01,13.455
2008-04-02,13.3
2008-04-03,13.255
2008-04-04,13.015
2008-04-07,12.595
2008-04-08,12.485
2008-04-09,12.395
2008-04-10,12.49
2008-04-11,12.51
2008-04-14,12.525
2008-04-15,12.555
2008-04-16,12.77
2008-04-17,12.69
2008-04-18,12.66
2008-04-21,12.68
2008-04-22,12.685
2008-04-23,12.625
2008-04-24,12.53
2008-04-25,12.41
2008-04-28,12.53
2008-04-29,12.615
2008-04-30,12.55
2008-05-01,12.66
2008-05-02,12.555
2008-05-05,12.708
2008-05-06,12.655
2008-05-07,12.745
2008-05-08,12.835
2008-05-09,12.735
2008-05-12,12.63
2008-05-13,12.64
2008-05-14,12.765
2008-05-15,12.625
2008-05-16,12.66
2008-05-19,12.69
2008-05-20,12.81
2008-05-21,12.745
2008-05-22,12.77
2008-05-23,12.675
2008-05-26,12.69
2008-05-27,12.875
2008-05-28,12.595
2008-05-29,12.475
2008-05-30,12.405
2008-06-02,12.455
2008-06-03,12.395
2008-06-04,12.31
2008-06-05,11.97
2008-06-06,11.705
2008-06-09,11.485
2008-06-10,11.525
2008-06-11,11.455
2008-06-12,11.365
2008-06-13,11.285
2008-06-16,11.315
2008-06-17,11.118
2008-06-18,11.383
2008-06-19,11.78
2008-06-20,11.765
2008-06-23,11.86
2008-06-24,11.805
2008-06-25,11.88
2008-06-26,11.65
2008-06-27,11.595
2008-06-30,11.683
2008-07-01,11.695
2008-07-02,11.55
2008-07-03,11.435
2008-07-04,11.37
2008-07-07,11.363
2008-07-08,11.315
2008-07-09,11.31
2008-07-10,11.183
2008-07-11,11.165
2008-07-14,11.255
2008-07-15,11.33
2008-07-16,11.32
2008-07-17,11.375
2008-07-18,11.205
2008-07-21,11.308
2008-07-22,11.153
2008-07-23,11.11
2008-07-24,10.938
2008-07-25,10.8
2008-07-28,10.735
2008-07-29,10.58
2008-07-30,10.78
2008-07-31,10.428
2008-08-01,10.365
2008-08-04,10.213
2008-08-05,10.05
2008-08-06,10.23
2008-08-07,10.42
2008-08-08,10.805
2008-08-11,10.883
2008-08-12,10.84
2008-08-13,10.718
2008-08-14,10.615
2008-08-15,10.595
2008-08-18,10.815
2008-08-19,10.758
2008-08-20,10.605
2008-08-21,10.678
2008-08-22,10.47
2008-08-25,10.445
2008-08-26,10.525
2008-08-27,10.428
2008-08-28,10.418
2008-08-29,10.33
2008-09-01,9.88
2008-09-02,10.898
2008-09-03,10.963
2008-09-04,12.215
2008-09-05,12.428
2008-09-08,12.573
2008-09-09,13.43
2008-09-10,13.525
2008-09-11,13.695
2008-09-12,14.095
2008-09-15,15.265
2008-09-16,15.54
2008-09-17,16.835
2008-09-18,17.895
2008-09-19,17.32
2008-09-22,16.26
2008-09-23,17.005
2008-09-24,18.385
2008-09-25,18.058
2008-09-26,18.638
2008-09-29,21.138
2008-09-30,20.033
2008-10-01,19.798
2008-10-02,22.243
2008-10-03,22.73
2008-10-06,29.895
2008-10-07,38.818
2008-10-08,40.15
2008-10-09,38.025
2008-10-10,43.175
2008-10-13,34.94
2008-10-14,30.255
2008-10-15,36.03
2008-10-16,36.84
2008-10-17,34.48
2008-10-20,33.095
2008-10-21,36.83
2008-10-22,44.935
2008-10-23,49.085
2008-10-24,47.27
2008-10-27,44.46
2008-10-28,42.245
2008-10-29,38.465
2008-10-30,29.695
2008-10-31,30.785
2008-11-03,31.95
2008-11-04,29.82
2008-11-05,30.07
2008-11-06,32.47
2008-11-07,32.518
2008-11-10,32.015
2008-11-11,33.265
2008-11-12,36.195
2008-11-13,37.34
2008-11-14,36.79
2008-11-17,37.215
2008-11-18,38.455
2008-11-19,40.81
2008-11-20,42.665
2008-11-21,41.61
2008-11-24,37.71
2008-11-25,37.735
2008-11-26,37.01
2008-11-27,37.315
2008-11-28,37.43
2008-12-01,37.97
2008-12-02,38.58
2008-12-03,40.355
2008-12-04,43.995
2008-12-05,43.83
2008-12-08,44.195
2008-12-09,45.365
2008-12-10,42.935
2008-12-11,39.66
2008-12-12,40.295
2008-12-15,40.39
2008-12-16,38.325
2008-12-17,35.63
2008-12-18,34.06
2008-12-19,33.703
2008-12-22,33.75
2008-12-23,33.355
2008-12-24,32.38
2008-12-26,33.23
2008-12-29,33.04
2008-12-30,32.415
2008-12-31,32.065
2009-01-01,32.37
2009-01-02,34.115
2009-01-05,30.76
2009-01-06,30.005
2009-01-07,30.615
2009-01-08,33.345
2009-01-09,33.58
2009-01-12,34.59
2009-01-13,34.215
2009-01-14,35.085
2009-01-15,34.31
2009-01-16,32.755
2009-01-19,31.985
2009-01-20,32.955
2009-01-21,32.205
2009-01-22,31.103
2009-01-23,30.405
2009-01-26,27.405
2009-01-27,26.055
2009-01-28,26.078
2009-01-29,26.6
2009-01-30,27.41
2009-02-02,27.91
2009-02-03,27.385
2009-02-04,26.353
2009-02-05,25.54
2009-02-06,24.64
2009-02-09,24.14
2009-02-10,25.31
2009-02-11,25.055
2009-02-12,25.04
2009-02-13,24.19
2009-02-16,24.23
2009-02-17,24.425
2009-02-18,24.485
2009-02-19,23.76
2009-02-20,24.57
2009-02-23,24.568
2009-02-24,24.445
2009-02-25,24.765
2009-02-26,23.52
2009-02-27,24.495
2009-03-02,25.255
2009-03-03,24.985
2009-03-04,23.8
2009-03-05,23.713
2009-03-06,23.338
2009-03-09,23.403
2009-03-10,22.568
2009-03-11,21.72
2009-03-12,20.118
2009-03-13,19.883
2009-03-16,19.865
2009-03-17,19.065
2009-03-18,18.918
2009-03-19,19.18
2009-03-20,19.488
2009-03-23,19.473
2009-03-24,19.798
2009-03-25,19.233
2009-03-26,18.72
2009-03-27,19.333
2009-03-30,19.685
2009-03-31,19.83
2009-04-01,19.48
2009-04-02,19.215
2009-04-03,18.815
2009-04-06,19.05
2009-04-07,18.69
2009-04-08,18.243
2009-04-09,17.88
2009-04-10,17.78
2009-04-13,18.178
2009-04-14,18.0
2009-04-15,17.973
2009-04-16,17.978
2009-04-17,17.72
2009-04-20,18.198
2009-04-21,18.138
2009-04-22,18.068
2009-04-23,18.103
2009-04-24,18.038
2009-04-27,18.593
2009-04-28,18.998
2009-04-29,19.073
2009-04-30,19.273
2009-05-01,19.478
2009-05-04,19.538
2009-05-05,19.553
2009-05-06,19.158
2009-05-07,19.333
2009-05-08,18.908
2009-05-11,19.245
2009-05-12,19.343
2009-05-13,20.023
2009-05-14,19.828
2009-05-15,19.753
2009-05-18,19.598
2009-05-19,19.228
2009-05-20,19.238
2009-05-21,19.373
2009-05-22,19.558
2009-05-25,19.428
2009-05-26,19.523
2009-05-27,20.123
2009-05-28,20.073
2009-05-29,20.108
2009-06-01,20.628
2009-06-02,20.575
2009-06-03,21.26
2009-06-04,20.965
2009-06-05,21.56
2009-06-08,22.068
2009-06-09,21.905
2009-06-10,22.0
2009-06-11,21.85
2009-06-12,21.61
2009-06-15,21.515
2009-06-16,21.36
2009-06-17,22.015
2009-06-18,21.348
2009-06-19,20.695
2009-06-22,21.5
2009-06-23,21.495
2009-06-24,21.36
2009-06-25,21.095
2009-06-26,20.72
2009-06-29,20.925
2009-06-30,20.348
2009-07-01,19.685
2009-07-02,18.763
2009-07-03,18.833
2009-07-06,19.068
2009-07-07,19.043
2009-07-08,20.125
2009-07-09,19.685
2009-07-10,20.183
2009-07-13,19.855
2009-07-14,19.62
2009-07-15,19.25
2009-07-16,18.96
2009-07-17,18.49
2009-07-20,18.225
2009-07-21,18.275
2009-07-22,18.14
2009-07-23,18.008
2009-07-24,17.72
2009-07-27,17.61
2009-07-28,17.475
2009-07-29,17.73
2009-07-30,17.69
2009-07-31,17.68
2009-08-03,17.685
2009-08-04,18.013
2009-08-05,18.308
2009-08-06,18.635
2009-08-07,18.523
2009-08-10,18.68
2009-08-11,18.69
2009-08-12,18.82
2009-08-13,18.343
2009-08-14,18.203
2009-08-17,18.883
2009-08-18,18.69
2009-08-19,18.645
2009-08-20,18.383
2009-08-21,17.698
2009-08-24,17.908
2009-08-25,18.08
2009-08-26,18.28
2009-08-27,18.53
2009-08-28,18.715
2009-08-31,18.75
2009-09-01,18.91
2009-09-02,19.428
2009-09-03,19.3
2009-09-04,18.92
2009-09-07,18.92
2009-09-08,18.75
2009-09-09,18.79
2009-09-10,18.48
2009-09-11,18.475
2009-09-14,18.6
2009-09-15,18.16
2009-09-16,18.015
2009-09-17,18.085
2009-09-18,17.773
2009-09-21,17.88
2009-09-22,17.765
2009-09-23,17.51
2009-09-24,17.685
2009-09-25,17.795
2009-09-28,17.805
2009-09-29,17.585
2009-09-30,17.425
2009-10-01,17.535
2009-10-02,17.575
2009-10-05,17.47
2009-10-06,17.34
2009-10-07,17.185
2009-10-08,17.23
2009-10-09,16.96
2009-10-12,16.895
2009-10-13,17.005
2009-10-14,16.96
2009-10-15,16.9
2009-10-16,16.885
2009-10-19,17.0
2009-10-20,17.65
2009-10-21,17.845
2009-10-22,17.79
2009-10-23,17.445
2009-10-26,17.605
2009-10-27,18.045
2009-10-28,18.855
2009-10-29,18.68
2009-10-30,19.23
2009-11-02,19.955
2009-11-03,19.605
2009-11-04,19.658
2009-11-05,19.52
2009-11-06,19.29
2009-11-09,18.56
2009-11-10,18.3
2009-11-11,18.148
2009-11-12,18.305
2009-11-13,18.23
2009-11-16,18.115
2009-11-17,17.88
2009-11-18,17.368
2009-11-19,17.475
2009-11-20,17.175
2009-11-23,17.26
2009-11-24,17.263
2009-11-25,17.235
2009-11-26,17.6
2009-11-27,17.565
2009-11-30,17.548
2009-12-01,17.51
2009-12-02,17.185
2009-12-03,17.06
2009-12-04,17.183
2009-12-07,17.4
2009-12-08,17.803
2009-12-09,18.195
2009-12-10,18.32
2009-12-11,18.215
2009-12-14,17.81
2009-12-15,17.545
2009-12-16,16.985
2009-12-17,17.71
2009-12-18,17.79
2009-12-21,17.82
2009-12-22,17.468
2009-12-23,17.265
2009-12-24,17.288
2009-12-25,17.29
2009-12-28,17.31
2009-12-29,17.3
2009-12-30,17.295
2009-12-31,17.185
2010-01-01,17.07
2010-01-04,17.15
2010-01-05,16.59
2010-01-06,16.39
2010-01-07,16.44
2010-01-08,16.035
2010-01-11,15.773
2010-01-12,15.685
2010-01-13,15.465
2010-01-14,15.29
2010-01-15,15.353
2010-01-18,15.545
2010-01-19,14.968
2010-01-20,15.123
2010-01-21,15.425
2010-01-22,16.078
2010-01-25,16.05
2010-01-26,16.725
2010-01-27,17.35
2010-01-28,17.448
2010-01-29,17.255
2010-02-01,17.193
2010-02-02,16.875
2010-02-03,16.868
2010-02-04,17.348
2010-02-05,17.565
2010-02-08,17.48
2010-02-09,17.09
2010-02-10,16.835
2010-02-11,16.813
2010-02-12,16.765
2010-02-15,16.75
2010-02-16,16.56
2010-02-17,16.67
2010-02-18,16.605
2010-02-19,16.65
2010-02-22,16.78
2010-02-23,16.755
2010-02-24,16.558
2010-02-25,16.613
2010-02-26,16.34
2010-03-01,16.19
2010-03-02,15.81
2010-03-03,15.23
2010-03-04,15.045
2010-03-05,14.6
2010-03-08,14.535
2010-03-09,14.568
2010-03-10,14.45
2010-03-11,14.34
2010-03-12,14.05
2010-03-15,13.723
2010-03-16,13.55
2010-03-17,13.325
2010-03-18,13.53
2010-03-19,13.97
2010-03-22,14.265
2010-03-23,14.24
2010-03-24,14.32
2010-03-25,14.45
2010-03-26,14.525
2010-03-29,14.395
2010-03-30,14.31
2010-03-31,14.295
2010-04-01,14.233
2010-04-02,14.255
2010-04-05,14.275
2010-04-06,14.28
2010-04-07,14.44
2010-04-08,14.61
2010-04-09,14.62
2010-04-12,14.33
2010-04-13,14.275
2010-04-14,13.945
2010-04-15,13.725
2010-04-16,13.835
2010-04-19,13.87
2010-04-20,13.76
2010-04-21,13.76
2010-04-22,13.765
2010-04-23,13.645
2010-04-26,13.53
2010-04-27,13.825
2010-04-28,14.03
2010-04-29,13.86
2010-04-30,13.675
2010-05-03,13.693
2010-05-04,14.225
2010-05-05,15.245
2010-05-06,16.86
2010-05-07,17.598
2010-05-10,16.28
2010-05-11,16.035
2010-05-12,15.5
2010-05-13,15.19
2010-05-14,16.063
2010-05-17,16.575
2010-05-18,16.71
2010-05-19,17.465
2010-05-20,18.875
2010-05-21,18.815
2010-05-24,18.36
2010-05-25,18.918
2010-05-26,18.625
2010-05-27,17.658
2010-05-28,17.61
2010-05-31,17.695
2010-06-01,17.57
2010-06-02,17.44
2010-06-03,17.27
2010-06-04,17.675
2010-06-07,18.173
2010-06-08,17.94
2010-06-09,17.375
2010-06-10,17.04
2010-06-11,16.62
2010-06-14,16.663
2010-06-15,16.615
2010-06-16,15.995
2010-06-17,15.663
2010-06-18,15.475
2010-06-21,15.285
2010-06-22,15.855
2010-06-23,16.26
2010-06-24,16.345
2010-06-25,15.973
2010-06-28,15.935
2010-06-29,17.26
2010-06-30,17.275
2010-07-01,17.14
2010-07-02,16.67
2010-07-05,16.45
2010-07-06,16.12
2010-07-07,15.928
2010-07-08,15.753
2010-07-09,15.46
2010-07-12,15.293
2010-07-13,14.975
2010-07-14,14.9
2010-07-15,15.22
2010-07-16,15.73
2010-07-19,15.86
2010-07-20,15.77
2010-07-21,15.418
2010-07-22,15.09
2010-07-23,14.745
2010-07-26,14.795
2010-07-27,14.618
2010-07-28,14.57
2010-07-29,14.455
2010-07-30,14.375
2010-08-02,14.055
2010-08-03,13.57
2010-08-04,13.538
2010-08-05,13.578
2010-08-06,13.55
2010-08-09,13.453
2010-08-10,13.575
2010-08-11,14.043
2010-08-12,14.335
2010-08-13,14.125
2010-08-16,13.593
2010-08-17,13.113
2010-08-18,12.878
2010-08-19,12.998
2010-08-20,13.138
2010-08-23,13.52
2010-08-24,13.778
2010-08-25,13.863
2010-08-26,13.385
2010-08-27,13.013
2010-08-30,13.085
2010-08-31,12.91
2010-09-01,12.78
2010-09-02,12.61
2010-09-03,12.755
2010-09-06,12.79
2010-09-07,12.7
2010-09-08,12.83
2010-09-09,12.74
2010-09-10,12.358
2010-09-13,12.28
2010-09-14,12.265
2010-09-15,12.61
2010-09-16,12.47
2010-09-17,12.525
2010-09-20,12.468
2010-09-21,12.483
2010-09-22,12.61
2010-09-23,12.64
2010-09-24,12.69
2010-09-27,12.688
2010-09-28,12.66
2010-09-29,12.708
2010-09-30,12.868
2010-10-01,12.898
2010-10-04,13.143
2010-10-05,13.218
2010-10-06,13.803
2010-10-07,14.59
2010-10-08,13.718
2010-10-11,13.908
2010-10-12,13.888
2010-10-13,13.718
2010-10-14,14.023
2010-10-15,14.193
2010-10-18,14.348
2010-10-19,14.988
2010-10-20,14.633
2010-10-21,15.065
2010-10-22,15.658
2010-10-25,15.543
2010-10-26,15.138
2010-10-27,15.29
2010-10-28,15.13
2010-10-29,15.053
2010-11-01,14.99
2010-11-02,14.928
2010-11-03,14.333
2010-11-04,13.87
2010-11-05,13.843
2010-11-08,13.943
2010-11-09,13.87
2010-11-10,13.788
2010-11-11,13.965
2010-11-12,14.06
2010-11-15,14.128
2010-11-16,14.633
2010-11-17,14.283
2010-11-18,13.48
2010-11-19,13.393
2010-11-22,13.283
2010-11-23,13.67
2010-11-24,13.595
2010-11-25,13.345
2010-11-26,13.65
2010-11-29,13.743
2010-11-30,13.688
2010-12-01,13.303
2010-12-02,12.943
2010-12-03,12.43
2010-12-06,12.18
2010-12-07,12.02
2010-12-08,12.275
2010-12-09,12.515
2010-12-10,12.573
2010-12-13,12.4
2010-12-14,12.375
2010-12-15,12.32
2010-12-16,12.193
2010-12-17,12.218
2010-12-20,12.225
2010-12-21,12.145
2010-12-22,12.15
2010-12-23,12.165
2010-12-24,12.143
2010-12-27,12.143
2010-12-28,12.0
2010-12-29,11.97
2010-12-30,12.035
2010-12-31,12.035
2011-01-03,12.35
2011-01-04,12.56
2011-01-05,12.565
2011-01-06,12.945
2011-01-07,12.81
2011-01-10,12.745
2011-01-11,12.42
2011-01-12,11.955
2011-01-13,12.055
2011-01-14,12.26
2011-01-17,12.183
2011-01-18,12.1
2011-01-19,12.12
2011-01-20,12.135
2011-01-21,11.98
2011-01-24,11.935
2011-01-25,11.87
2011-01-26,11.615
2011-01-27,11.42
2011-01-28,11.44
2011-01-31,11.45
2011-02-01,11.165
2011-02-02,10.945
2011-02-03,11.005
2011-02-04,10.81
2011-02-07,10.94
2011-02-09,10.735
2011-02-10,10.838
2011-02-11,10.708
2011-02-14,10.698
2011-02-15,10.668
2011-02-16,10.578
2011-02-17,10.623
2011-02-18,10.473
2011-02-21,10.528
2011-02-22,10.71
2011-02-23,10.85
2011-02-24,10.815
2011-02-25,10.673
2011-02-28,10.655
2011-03-01,10.423
2011-03-02,10.31
2011-03-03,10.03
2011-03-04,10.055
2011-03-07,10.02
2011-03-08,10.04
2011-03-09,10.13
2011-03-10,10.48
2011-03-11,10.51
2011-03-14,10.645
2011-03-15,10.92
2011-03-16,11.168
2011-03-17,11.995
2011-03-18,11.365
2011-03-21,10.905
2011-03-22,10.5
2011-03-23,10.423
2011-03-24,10.363
2011-03-25,10.305
2011-03-28,10.405
2011-03-29,10.24
2011-03-30,10.42
2011-03-31,10.39
2011-04-01,10.27
2011-04-04,10.353
2011-04-05,10.158
2011-04-06,10.348
2011-04-07,10.29
2011-04-08,10.228
2011-04-11,10.313
2011-04-12,10.438
2011-04-13,10.535
2011-04-14,10.473
2011-04-15,10.39
2011-04-18,10.578
2011-04-19,10.44
2011-04-20,10.67
2011-04-21,10.733
2011-04-22,10.703
2011-04-25,10.83
2011-04-26,10.93
2011-04-27,11.045
2011-04-28,11.675
2011-04-29,11.625
2011-05-02,11.538
2011-05-03,11.885
2011-05-04,12.385
2011-05-05,13.165
2011-05-06,12.728
2011-05-09,12.743
2011-05-10,12.49
2011-05-11,12.365
2011-05-12,12.615
2011-05-13,12.868
2011-05-16,13.068
2011-05-17,13.173
2011-05-18,12.878
2011-05-19,12.808
2011-05-20,12.625
2011-05-23,13.125
2011-05-24,12.835
2011-05-25,12.853
2011-05-26,12.568
2011-05-27,12.538
2011-05-30,12.343
2011-05-31,11.805
2011-06-01,11.763
2011-06-02,11.65
2011-06-03,11.445
2011-06-06,11.465
2011-06-07,11.31
2011-06-08,11.375
2011-06-09,11.385
2011-06-10,11.44
2011-06-13,11.518
2011-06-14,11.353
2011-06-15,11.843
2011-06-16,12.368
2011-06-17,12.115
2011-06-20,12.145
2011-06-21,11.743
2011-06-22,11.573
2011-06-23,11.913
2011-06-24,11.95
2011-06-27,11.948
2011-06-28,11.735
2011-06-29,11.528
2011-06-30,11.14
2011-07-01,10.928
2011-07-04,10.98
2011-07-05,10.973
2011-07-06,11.028
2011-07-07,10.973
2011-07-08,10.98
2011-07-11,11.445
2011-07-12,11.818
2011-07-13,11.68
2011-07-14,11.593
2011-07-15,11.47
2011-07-18,11.4
2011-07-19,11.128
2011-07-20,11.0
2011-07-21,10.948
2011-07-22,10.875
2011-07-25,10.875
2011-07-26,10.933
2011-07-27,12.002
2011-07-28,12.238
2011-07-29,12.045
2011-08-01,12.258
2011-08-02,12.405
2011-08-03,12.378
2011-08-04,12.977
2011-08-05,13.095
2011-08-08,14.788
2011-08-09,16.142
2011-08-10,16.72
2011-08-11,17.112
2011-08-12,15.863
2011-08-15,15.315
2011-08-16,15.113
2011-08-17,14.218
2011-08-18,15.178
2011-08-19,14.933
2011-08-22,14.86
2011-08-23,15.02
2011-08-24,15.388
2011-08-25,15.68
2011-08-26,14.803
2011-08-29,14.68
2011-08-30,14.638
2011-08-31,14.468
2011-09-01,14.785
2011-09-02,15.61
2011-09-05,15.845
2011-09-06,16.18
2011-09-07,16.095
2011-09-08,15.828
2011-09-09,16.38
2011-09-12,17.355
2011-09-13,17.4
2011-09-14,17.903
2011-09-15,17.703
2011-09-16,17.962
2011-09-19,19.42
2011-09-20,19.925
2011-09-21,24.072
2011-09-22,27.63
2011-09-23,26.302
2011-09-26,26.42
2011-09-27,24.78
2011-09-28,24.558
2011-09-29,25.3
2011-09-30,25.052
2011-10-03,26.052
2011-10-04,26.197
2011-10-05,24.653
2011-10-06,23.067
2011-10-07,21.733
2011-10-10,21.078
2011-10-11,21.115
2011-10-12,20.612
2011-10-13,20.775
2011-10-14,19.513
2011-10-17,19.93
2011-10-18,20.625
2011-10-19,20.793
2011-10-20,22.267
2011-10-21,21.498
2011-10-24,20.475
2011-10-25,20.528
2011-10-26,20.19
2011-10-27,18.543
2011-10-28,18.043
2011-10-31,18.695
2011-11-01,20.695
2011-11-02,20.42
2011-11-03,20.308
2011-11-04,19.683
2011-11-07,19.968
2011-11-08,18.873
2011-11-09,19.64
2011-11-10,19.433
2011-11-11,19.26
2011-11-14,19.308
2011-11-15,19.457
2011-11-16,19.21
2011-11-17,19.168
2011-11-18,18.953
2011-11-21,20.135
2011-11-22,20.183
2011-11-23,21.972
2011-11-24,21.93
2011-11-25,23.197
2011-11-28,22.058
2011-11-29,21.612
2011-11-30,20.095
2011-12-01,19.72
2011-12-02,19.237
2011-12-05,18.627
2011-12-06,18.515
2011-12-07,18.418
2011-12-08,19.133
2011-12-09,19.535
2011-12-12,20.267
2011-12-13,20.935
2011-12-14,21.418
2011-12-15,20.875
2011-12-16,19.692
2011-12-19,19.358
2011-12-20,19.035
2011-12-21,18.828
2011-12-22,18.802
2011-12-23,18.358
2011-12-26,18.272
2011-12-27,18.233
2011-12-28,18.522
2011-12-29,18.438
2011-12-30,18.362
2012-01-02,18.442
2012-01-03,17.965
2012-01-04,17.912
2012-01-05,17.858
2012-01-06,17.332
2012-01-09,16.855
2012-01-10,16.715
2012-01-11,16.558
2012-01-12,16.448
2012-01-13,16.415
2012-01-16,16.347
2012-01-17,16.34
2012-01-18,15.977
2012-01-19,15.483
2012-01-20,15.03
2012-01-23,14.625
2012-01-24,14.65
2012-01-25,14.655
2012-01-26,14.66
2012-01-27,14.68
2012-01-30,14.765
2012-01-31,14.658
2012-02-01,14.65
2012-02-02,14.653
2012-02-03,14.41
2012-02-06,14.435
2012-02-07,14.36
2012-02-08,14.33
2012-02-09,13.835
2012-02-10,13.85
2012-02-13,13.14
2012-02-14,13.095
2012-02-15,12.975
2012-02-16,13.295
2012-02-17,13.09
2012-02-20,13.09
2012-02-21,12.885
2012-02-22,12.915
2012-02-23,13.025
2012-02-24,12.745
2012-02-27,12.56
2012-02-28,12.24
2012-02-29,12.79
2012-03-01,12.298
2012-03-02,12.34
2012-03-05,12.373
2012-03-06,13.443
2012-03-07,14.24
2012-03-08,14.208
2012-03-09,14.315
2012-03-12,15.953
2012-03-13,15.263
2012-03-14,14.885
2012-03-15,13.935
2012-03-16,13.843
2012-03-19,14.183
2012-03-20,14.74
2012-03-21,14.675
2012-03-22,14.408
2012-03-23,13.498
2012-03-26,13.405
2012-03-27,13.048
2012-03-28,13.213
2012-03-29,13.405
2012-03-30,12.915
2012-04-02,12.835
2012-04-03,12.275
2012-04-04,12.443
2012-04-05,12.388
2012-04-06,12.543
2012-04-09,12.068
2012-04-10,12.348
2012-04-11,11.963
2012-04-12,11.76
2012-04-13,11.87
2012-04-16,11.945
2012-04-17,12.08
2012-04-18,13.38
2012-04-19,13.988
2012-04-20,13.328
2012-04-23,13.57
2012-04-24,13.178
2012-04-25,13.018
2012-04-26,12.875
2012-04-27,12.18
2012-04-30,12.4
2012-05-01,12.535
2012-05-02,13.368
2012-05-03,13.37
2012-05-04,12.943
2012-05-07,12.865
2012-05-08,13.13
2012-05-09,14.203
2012-05-10,14.495
2012-05-11,14.58
2012-05-14,15.95
2012-05-15,16.27
2012-05-16,16.63
2012-05-17,16.108
2012-05-18,16.94
2012-05-21,17.683
2012-05-22,18.028
2012-05-23,17.913
2012-05-24,17.58
2012-05-25,16.92
2012-05-28,16.745
2012-05-29,16.448
2012-05-30,16.723
2012-05-31,16.458
2012-06-01,16.658
2012-06-04,16.658
2012-06-05,16.19
2012-06-06,16.218
2012-06-07,16.27
2012-06-08,16.293
2012-06-11,16.4
2012-06-12,16.693
2012-06-13,16.943
2012-06-14,16.993
2012-06-15,16.683
2012-06-18,16.24
2012-06-19,15.33
2012-06-20,15.025
2012-06-21,14.9
2012-06-22,14.885
2012-06-25,15.133
2012-06-26,15.13
2012-06-27,15.193
2012-06-28,15.77
2012-06-29,14.865
2012-07-02,14.923
2012-07-03,14.88
2012-07-04,15.125
2012-07-05,14.505
2012-07-06,14.243
2012-07-09,14.085
2012-07-10,13.633
2012-07-11,13.46
2012-07-12,13.235
2012-07-13,13.015
2012-07-16,12.675
2012-07-17,12.348
2012-07-18,12.29
2012-07-19,11.973
2012-07-20,11.985
2012-07-23,12.395
2012-07-24,12.89
2012-07-25,12.525
2012-07-26,12.25
2012-07-27,12.238
2012-07-30,12.63
2012-07-31,12.888
2012-08-01,12.888
2012-08-02,11.868
2012-08-03,11.3
2012-08-06,11.323
2012-08-07,11.363
2012-08-08,11.185
2012-08-09,11.225
2012-08-10,11.198
2012-08-13,11.015
2012-08-14,11.038
2012-08-15,11.073
2012-08-16,11.07
2012-08-17,11.02
2012-08-20,11.058
2012-08-21,11.218
2012-08-22,10.965
2012-08-23,11.25
2012-08-24,11.23
2012-08-27,11.17
2012-08-28,11.333
2012-08-29,11.4
2012-08-30,11.435
2012-08-31,11.273
2012-09-03,11.358
2012-09-04,11.355
2012-09-05,11.403
2012-09-06,11.108
2012-09-07,10.743
2012-09-10,10.585
2012-09-11,10.47
2012-09-12,10.375
2012-09-13,9.888
2012-09-14,10.245
2012-09-17,10.38
2012-09-18,10.185
2012-09-19,9.705
2012-09-20,9.368
2012-09-21,9.25
2012-09-24,9.215
2012-09-25,8.955
2012-09-26,9.055
2012-09-27,8.868
2012-09-28,8.515
2012-10-01,8.17
2012-10-02,7.715
2012-10-03,7.818
2012-10-04,7.843
2012-10-05,7.99
2012-10-08,8.29
2012-10-09,8.355
2012-10-10,8.42
2012-10-11,8.18
2012-10-12,8.268
2012-10-15,8.122
2012-10-16,8.143
2012-10-17,7.875
2012-10-18,7.753
2012-10-19,7.7
2012-10-22,7.52
2012-10-23,7.72
2012-10-24,7.618
2012-10-25,7.488
2012-10-26,7.438
2012-10-29,7.51
2012-10-30,7.483
2012-10-31,7.49
2012-11-01,7.378
2012-11-02,7.305
2012-11-05,7.208
2012-11-06,7.13
2012-11-07,7.008
2012-11-08,6.95
2012-11-09,7.548
2012-11-12,7.808
2012-11-13,9.338
2012-11-14,9.073
2012-11-15,8.978
2012-11-16,9.29
2012-11-19,10.458
2012-11-20,10.478
2012-11-21,11.143
2012-11-22,10.913
2012-11-23,10.088
2012-11-26,9.47
2012-11-27,8.653
2012-11-28,9.173
2012-11-29,9.228
2012-11-30,11.5
2012-12-03,11.048
2012-12-04,10.493
2012-12-05,10.173
2012-12-06,9.368
2012-12-07,8.953
2012-12-10,8.745
2012-12-11,8.718
2012-12-12,8.73
2012-12-13,8.825
2012-12-14,8.783
2012-12-17,8.835
2012-12-18,8.878
2012-12-19,9.145
2012-12-20,9.398
2012-12-21,9.758
2012-12-24,9.693
2012-12-25,9.743
2012-12-26,9.73
2012-12-27,9.747
2012-12-28,9.545
2012-12-31,9.383
2013-01-01,9.428
2013-01-02,9.263
2013-01-03,8.633
2013-01-04,8.343
2013-01-07,8.275
2013-01-08,8.523
2013-01-09,8.473
2013-01-10,8.245
2013-01-11,8.235
2013-01-14,8.25
2013-01-15,8.295
2013-01-16,8.135
2013-01-17,8.045
2013-01-18,7.935
2013-01-21,7.825
2013-01-22,7.66
2013-01-23,7.578
2013-01-24,7.655
2013-01-25,7.638
2013-01-28,8.87
2013-01-29,8.918
2013-01-30,8.938
2013-01-31,8.633
2013-02-01,8.358
2013-02-04,7.678
2013-02-05,7.65
2013-02-06,7.515
2013-02-07,7.723
2013-02-08,7.858
2013-02-11,7.923
2013-02-12,7.86
2013-02-13,7.963
2013-02-14,8.36
2013-02-15,8.455
2013-02-18,8.478
2013-02-19,8.415
2013-02-20,8.565
2013-02-21,8.855
2013-02-22,8.83
2013-02-25,8.855
2013-02-26,9.638
2013-02-27,9.273
2013-02-28,8.995
2013-03-01,8.855
2013-03-04,8.805
2013-03-05,8.693
2013-03-06,8.663
2013-03-07,8.55
2013-03-08,8.525
2013-03-11,8.22
2013-03-12,7.925
2013-03-13,8.08
2013-03-14,8.013
2013-03-15,8.39
2013-03-18,8.643
2013-03-19,8.872
2013-03-20,8.838
2013-03-21,9.645
2013-03-22,9.76
2013-03-25,9.603
2013-03-26,9.4
2013-03-27,8.94
2013-03-28,8.73
2013-03-29,8.74
2013-04-01,8.778
2013-04-02,8.65
2013-04-03,8.865
2013-04-04,8.688
2013-04-05,8.645
2013-04-08,8.827
2013-04-09,8.85
2013-04-10,8.888
2013-04-11,8.913
2013-04-12,8.835
2013-04-15,10.36
2013-04-16,9.848
2013-04-17,10.145
2013-04-18,10.435
2013-04-19,10.055
2013-04-22,9.78
2013-04-23,9.418
2013-04-24,9.04
2013-04-25,9.145
2013-04-26,8.975
2013-04-29,8.97
2013-04-30,8.84
2013-05-01,8.83
2013-05-02,8.768
2013-05-03,8.648
2013-05-06,8.503
2013-05-07,8.268
2013-05-08,8.223
2013-05-09,7.938
2013-05-10,8.375
2013-05-13,8.28
2013-05-14,8.35
2013-05-15,9.183
2013-05-16,9.285
2013-05-17,9.765
2013-05-20,9.74
2013-05-21,9.838
2013-05-22,9.94
2013-05-23,10.135
2013-05-24,9.983
2013-05-27,10.108
2013-05-28,10.523
2013-05-29,11.945
2013-05-30,12.1
2013-05-31,13.353
2013-06-03,13.175
2013-06-04,12.668
2013-06-05,13.198
2013-06-06,13.0
2013-06-07,13.24
2013-06-10,13.458
2013-06-11,13.618
2013-06-12,13.803
2013-06-13,13.488
2013-06-14,13.395
2013-06-17,13.78
2013-06-18,13.868
2013-06-19,14.91
2013-06-20,16.715
2013-06-21,16.278
2013-06-24,15.845
2013-06-25,15.153
2013-06-26,14.468
2013-06-27,13.918
2013-06-28,14.8
2013-07-01,14.688
2013-07-02,15.053
2013-07-03,15.278
2013-07-04,15.245
2013-07-05,15.343
2013-07-08,14.983
2013-07-09,14.778
2013-07-10,14.723
2013-07-11,14.315
2013-07-12,13.915
2013-07-15,13.308
2013-07-16,13.598
2013-07-17,13.408
2013-07-18,13.358
2013-07-19,12.985
2013-07-22,12.795
2013-07-23,12.488
2013-07-24,12.858
2013-07-25,12.87
2013-07-26,12.813
2013-07-29,13.12
2013-07-30,13.463
2013-07-31,13.7
2013-08-01,14.168
2013-08-02,13.853
2013-08-05,13.528
2013-08-06,13.19
2013-08-07,13.27
2013-08-08,13.333
2013-08-09,12.958
2013-08-12,12.903
2013-08-13,13.21
2013-08-14,13.545
2013-08-15,13.968
2013-08-16,14.903
2013-08-19,16.198
2013-08-20,15.485
2013-08-21,16.36
2013-08-22,15.8
2013-08-23,15.23
2013-08-26,15.278
2013-08-27,15.653
2013-08-28,16.048
2013-08-29,16.11
2013-08-30,16.328
2013-09-02,16.33
2013-09-03,16.375
2013-09-04,16.033
2013-09-05,15.9
2013-09-06,15.293
2013-09-09,14.735
2013-09-10,14.465
2013-09-11,14.643
2013-09-12,14.55
2013-09-13,14.135
2013-09-16,13.905
2013-09-17,13.89
2013-09-18,13.353
2013-09-19,13.523
2013-09-20,13.723
2013-09-23,13.428
2013-09-24,13.575
2013-09-25,13.91
2013-09-26,14.418
2013-09-27,14.435
2013-09-30,14.31
2013-10-01,14.178
2013-10-02,14.0
2013-10-03,13.815
2013-10-04,13.588
2013-10-07,13.398
2013-10-08,13.23
2013-10-09,13.253
2013-10-10,12.838
2013-10-11,12.353
2013-10-14,11.768
2013-10-15,11.545
2013-10-16,11.648
2013-10-17,11.485
2013-10-18,11.86
2013-10-21,12.083
2013-10-22,11.748
2013-10-23,11.798
2013-10-24,11.765
2013-10-25,10.9
2013-10-28,9.93
2013-10-29,9.94
2013-10-30,10.248
2013-10-31,11.693
2013-11-01,12.498
2013-11-04,12.395
2013-11-05,14.078
2013-11-06,14.1
2013-11-07,14.625
2013-11-08,14.8
2013-11-11,14.223
2013-11-12,13.713
2013-11-13,12.433
2013-11-14,12.375
2013-11-15,12.163
2013-11-18,12.118
2013-11-19,12.603
2013-11-20,13.063
2013-11-21,13.573
2013-11-22,13.16
2013-11-25,13.313
2013-11-26,13.32
2013-11-27,13.593
2013-11-28,13.52
2013-11-29,13.625
2013-12-02,14.018
2013-12-03,14.05
2013-12-04,14.233
2013-12-05,13.8
2013-12-06,13.345
2013-12-09,12.93
2013-12-10,12.783
2013-12-11,13.16
2013-12-12,13.273
2013-12-13,13.12
2013-12-16,12.955
2013-12-17,13.138
2013-12-18,12.933
2013-12-19,12.935
2013-12-20,13.078
2013-12-23,12.963
2013-12-24,12.88
2013-12-25,12.915
2013-12-26,12.9
2013-12-27,12.905
2013-12-30,13.178
2013-12-31,13.24
2014-01-01,13.333
2014-01-02,14.235
2014-01-03,13.948
2014-01-06,13.765
2014-01-07,13.453
2014-01-08,13.533
2014-01-09,13.488
2014-01-10,12.865
2014-01-13,12.643
2014-01-14,12.878
2014-01-15,12.97
2014-01-16,12.92
2014-01-17,12.453
2014-01-20,12.415
2014-01-21,12.658
2014-01-22,12.635
2014-01-23,12.93
2014-01-24,13.253
2014-01-27,13.608
2014-01-28,13.768
2014-01-29,14.195
2014-01-30,13.8
2014-01-31,13.825
2014-02-03,14.098
2014-02-04,13.818
2014-02-05,13.753
2014-02-06,13.703
2014-02-07,13.395
2014-02-10,13.433
2014-02-11,13.433
2014-02-12,13.143
2014-02-13,13.028
2014-02-14,12.843
2014-02-17,12.573
2014-02-18,12.62
2014-02-19,12.67
2014-02-20,12.545
2014-02-21,12.17
2014-02-24,11.79
2014-02-25,12.058
2014-02-26,12.305
2014-02-27,12.033
2014-02-28,11.928
2014-03-03,12.15
2014-03-04,12.098
2014-03-05,11.925
2014-03-06,11.808
2014-03-07,11.978
2014-03-10,12.265
2014-03-11,12.353
2014-03-12,12.223
2014-03-13,12.15
2014-03-14,12.105
2014-03-17,12.188
2014-03-18,11.933
2014-03-19,12.038
2014-03-20,11.59
2014-03-21,11.755
2014-03-24,11.57
2014-03-25,11.74
2014-03-26,11.44
2014-03-27,11.428
2014-03-28,11.833
2014-03-31,11.958
2014-04-01,12.01
2014-04-02,11.92
2014-04-03,11.883
2014-04-04,11.403
2014-04-07,11.675
2014-04-08,11.898
2014-04-09,11.95
2014-04-10,11.83
2014-04-11,12.045
2014-04-14,12.015
2014-04-15,12.265
2014-04-16,12.213
2014-04-17,12.29
2014-04-18,12.355
2014-04-21,12.308
2014-04-22,12.37
2014-04-23,12.29
2014-04-24,12.155
2014-04-25,12.018
2014-04-28,12.168
2014-04-29,11.995
2014-04-30,11.57
2014-05-01,11.43
2014-05-02,11.19
2014-05-05,11.325
2014-05-06,11.22
2014-05-07,11.105
2014-05-08,10.968
2014-05-09,10.875
2014-05-12,10.74
2014-05-13,10.548
2014-05-14,10.46
2014-05-15,10.64
2014-05-16,10.745
2014-05-19,10.763
2014-05-20,10.865
2014-05-21,10.778
2014-05-22,10.6
2014-05-23,10.555
2014-05-26,10.63
2014-05-27,11.13
2014-05-28,11.015
2014-05-29,10.623
2014-05-30,10.405
2014-06-02,11.28
2014-06-03,11.083
2014-06-04,11.078
2014-06-05,10.628
2014-06-06,9.875
2014-06-09,9.75
2014-06-10,9.463
2014-06-11,9.458
2014-06-12,9.403
2014-06-13,9.465
2014-06-16,9.62
2014-06-17,10.395
2014-06-18,10.478
2014-06-19,9.532
2014-06-20,9.64
2014-06-23,9.725
2014-06-24,9.91
2014-06-25,9.895
2014-06-26,10.015
2014-06-27,10.238
2014-06-30,10.395
2014-07-01,10.158
2014-07-02,10.108
2014-07-03,10.265
2014-07-04,10.173
2014-07-07,10.385
2014-07-08,10.378
2014-07-09,10.448
2014-07-10,10.558
2014-07-11,10.645
2014-07-14,10.378
2014-07-15,10.243
2014-07-16,10.525
2014-07-17,10.905
2014-07-18,11.035
2014-07-21,10.868
2014-07-22,10.945
2014-07-23,10.933
2014-07-24,10.895
2014-07-25,11.518
2014-07-28,11.865
2014-07-29,11.92
2014-07-30,12.225
2014-07-31,12.805
2014-08-01,13.073
2014-08-04,12.958
2014-08-05,13.393
2014-08-06,13.37
2014-08-07,13.615
2014-08-08,13.478
2014-08-11,13.218
2014-08-12,13.075
2014-08-13,13.233
2014-08-14,13.125
2014-08-15,13.358
2014-08-18,13.415
2014-08-19,13.153
2014-08-20,12.705
2014-08-21,12.465
2014-08-22,11.995
2014-08-25,12.065
2014-08-26,12.065
2014-08-27,11.655
2014-08-28,11.27
2014-08-29,11.148
2014-09-01,11.18
2014-09-02,11.255
2014-09-03,11.46
2014-09-04,11.55
2014-09-05,11.56
2014-09-08,11.848
2014-09-09,12.285
2014-09-10,12.56
2014-09-11,12.418
2014-09-12,12.813
2014-09-15,13.43
2014-09-16,13.538
2014-09-17,13.533
2014-09-18,13.543
2014-09-19,13.813
2014-09-22,14.233
2014-09-23,14.538
2014-09-24,14.688
2014-09-25,14.568
2014-09-26,15.46
2014-09-29,16.325
2014-09-30,16.72
2014-10-01,16.765
2014-10-02,16.113
2014-10-03,15.495
2014-10-06,15.693
2014-10-07,16.488
2014-10-08,17.668
2014-10-09,18.068
2014-10-10,18.428
2014-10-13,18.733
2014-10-14,19.023
2014-10-15,19.19
2014-10-16,19.513
2014-10-17,18.588
2014-10-20,18.65
2014-10-21,18.768
2014-10-22,18.443
2014-10-23,17.413
2014-10-24,17.045
2014-10-27,14.5
2014-10-28,14.045
2014-10-29,14.11
2014-10-30,14.205
2014-10-31,14.618
2014-11-03,15.02
2014-11-04,15.315
2014-11-05,15.47
2014-11-06,15.863
2014-11-07,16.14
2014-11-10,15.713
2014-11-11,15.343
2014-11-12,14.963
2014-11-13,15.058
2014-11-14,15.253
2014-11-17,15.175
2014-11-18,15.22
2014-11-19,15.193
2014-11-20,15.433
2014-11-21,15.118
2014-11-24,14.815
2014-11-25,13.938
2014-11-26,13.565
2014-11-27,13.293
2014-11-28,13.355
2014-12-01,13.458
2014-12-02,13.138
2014-12-03,12.903
2014-12-04,12.93
2014-12-05,13.133
2014-12-08,13.215
2014-12-09,13.128
2014-12-10,13.348
2014-12-11,13.978
2014-12-12,14.498
2014-12-15,15.725
2014-12-16,16.46
2014-12-17,15.78
2014-12-18,15.423
2014-12-19,14.74
2014-12-22,14.788
2014-12-23,14.803
2014-12-24,14.883
2014-12-25,14.91
2014-12-26,14.51
2014-12-29,14.523
2014-12-30,14.633
2014-12-31,14.733
2015-01-01,14.755
2015-01-02,14.73
2015-01-05,15.02
2015-01-06,14.778
2015-01-07,14.705
2015-01-08,14.543
2015-01-09,14.063
2015-01-12,14.323
2015-01-13,14.033
2015-01-14,13.918
2015-01-15,14.445
2015-01-16,14.493
2015-01-19,14.635
2015-01-20,14.613
2015-01-21,14.423
2015-01-22,13.853
2015-01-23,13.635
2015-01-26,13.43
2015-01-27,12.8
2015-01-28,12.808
2015-01-29,13.265
2015-01-30,14.313
2015-02-02,14.77
2015-02-03,15.083
2015-02-04,15.103
2015-02-05,15.05
2015-02-06,15.673
2015-02-09,15.43
2015-02-10,15.96
2015-02-11,16.85
2015-02-12,16.568
2015-02-13,16.205
2015-02-16,16.138
2015-02-17,16.315
2015-02-18,16.31
2015-02-19,16.428
2015-02-20,16.49
2015-02-23,16.175
2015-02-24,16.143
2015-02-25,16.108
2015-02-26,16.148
2015-02-27,16.213
2015-03-02,16.273
2015-03-03,16.695
2015-03-04,17.158
2015-03-05,17.2
2015-03-06,17.458
2015-03-09,18.19
2015-03-10,18.55
2015-03-11,18.385
2015-03-12,18.79
2015-03-13,19.685
2015-03-16,19.523
2015-03-17,19.488
2015-03-18,18.923
2015-03-19,19.493
2015-03-20,19.323
2015-03-23,19.193
2015-03-24,19.995
2015-03-25,20.005
2015-03-26,20.943
2015-03-27,21.403
2015-03-30,21.333
2015-03-31,21.063
2015-04-01,20.313
2015-04-02,19.623
2015-04-03,19.318
2015-04-06,19.23
2015-04-07,18.65
2015-04-08,18.25
2015-04-09,18.628
2015-04-10,18.375
2015-04-13,18.43
2015-04-14,17.608
2015-04-15,17.315
2015-04-16,17.495
2015-04-17,17.713
2015-04-20,17.74
2015-04-21,17.743
2015-04-22,17.49
2015-04-23,17.42
2015-04-24,17.263
2015-04-27,17.03
2015-04-28,17.52
2015-04-29,17.52
2015-04-30,18.215
2015-05-01,18.498
2015-05-04,19.065
2015-05-05,19.08
2015-05-06,19.04
2015-05-07,18.968
2015-05-08,18.308
2015-05-11,18.713
2015-05-12,18.71
2015-05-13,18.59
2015-05-14,18.515
2015-05-15,18.403
2015-05-18,17.925
2015-05-19,17.89
2015-05-20,17.68
2015-05-21,17.363
2015-05-22,17.933
2015-05-25,18.015
2015-05-26,18.108
2015-05-27,18.018
2015-05-28,17.828
2015-05-29,17.713
2015-06-01,17.85
2015-06-02,17.74
2015-06-03,17.685
2015-06-04,17.72
2015-06-05,17.508
2015-06-08,17.37
2015-06-09,16.91
2015-06-10,16.868
2015-06-11,17.165
2015-06-12,16.555
2015-06-15,16.598
2015-06-16,16.568
2015-06-17,16.503
2015-06-18,16.025
2015-06-19,16.095
2015-06-22,15.738
2015-06-23,15.673
2015-06-24,15.425
2015-06-25,15.443
2015-06-26,15.488
2015-06-29,15.818
2015-06-30,15.825
2015-07-01,15.823
2015-07-02,15.38
2015-07-03,15.418
2015-07-06,15.393
2015-07-07,15.743
2015-07-08,15.998
2015-07-09,15.92
2015-07-10,15.943
2015-07-13,15.978
2015-07-14,15.543
2015-07-15,15.543
2015-07-16,15.16
2015-07-17,15.273
2015-07-20,16.07
2015-07-21,15.848
2015-07-22,16.2
2015-07-23,17.508
2015-07-24,17.768
2015-07-27,17.753
2015-07-28,17.758
2015-07-29,17.733
2015-07-30,17.343
2015-07-31,17.625
2015-08-03,17.708
2015-08-04,17.955
2015-08-05,18.25
2015-08-06,18.673
2015-08-07,18.655
2015-08-10,18.288
2015-08-11,18.693
2015-08-12,18.143
2015-08-13,18.07
2015-08-14,17.74
2015-08-17,17.835
2015-08-18,17.758
2015-08-19,17.763
2015-08-20,18.038
2015-08-21,18.163
2015-08-24,18.445
2015-08-25,18.808
2015-08-26,19.44
2015-08-27,18.905
2015-08-28,19.078
2015-08-31,19.653
2015-09-01,20.0
2015-09-02,20.973
2015-09-03,20.855
2015-09-04,21.475
2015-09-07,21.66
2015-09-08,21.225
2015-09-09,21.568
2015-09-10,22.263
2015-09-11,22.525
2015-09-14,22.473
2015-09-15,22.165
2015-09-16,21.0
2015-09-17,20.685
2015-09-18,22.4
2015-09-21,22.555
2015-09-22,23.44
2015-09-23,24.125
2015-09-24,25.555
2015-09-25,25.478
2015-09-28,25.593
2015-09-29,25.643
2015-09-30,25.13
2015-10-01,24.878
2015-10-02,23.423
2015-10-05,22.945
2015-10-06,22.115
2015-10-07,23.088
2015-10-08,22.808
2015-10-09,23.328
2015-10-12,23.23
2015-10-13,24.195
2015-10-14,23.753
2015-10-15,23.795
2015-10-16,24.065
2015-10-19,24.673
2015-10-20,24.148
2015-10-21,23.273
2015-10-22,21.565
2015-10-23,21.693
2015-10-26,21.745
2015-10-27,21.308
2015-10-28,20.733
2015-10-29,20.39
2015-10-30,20.398
2015-11-02,20.303
2015-11-03,20.213
2015-11-04,20.498
2015-11-05,20.263
2015-11-06,20.023
2015-11-09,20.085
2015-11-10,19.903
2015-11-11,19.978
2015-11-12,20.055
2015-11-13,20.34
2015-11-16,20.073
2015-11-17,19.64
2015-11-18,19.25
2015-11-19,19.04
2015-11-20,18.373
2015-11-23,18.44
2015-11-24,17.973
2015-11-25,18.765
2015-11-26,18.823
2015-11-27,19.208
2015-11-30,20.265
2015-12-01,19.875
2015-12-02,19.855
2015-12-03,20.013
2015-12-04,19.7
2015-12-07,19.783
2015-12-08,20.218
2015-12-09,20.19
2015-12-10,21.33
2015-12-11,22.008
2015-12-14,21.918
2015-12-15,21.748
2015-12-16,21.775
2015-12-17,21.603
2015-12-18,22.618
2015-12-21,22.903
2015-12-22,22.24
2015-12-23,21.778
2015-12-24,21.868
2015-12-25,22.035
2015-12-28,22.105
2015-12-29,22.088
2015-12-30,22.595
2015-12-31,22.75
2016-01-01,22.69
2016-01-04,22.998
2016-01-05,20.763
2016-01-06,19.995
2016-01-07,19.925
2016-01-08,20.02
2016-01-11,20.03
2016-01-12,19.95
2016-01-13,19.67
2016-01-14,19.388
2016-01-15,19.44
2016-01-18,19.485
2016-01-19,19.3
2016-01-20,20.23
2016-01-21,20.605
2016-01-22,19.5
2016-01-25,19.495
2016-01-26,19.025
2016-01-27,19.638
2016-01-28,19.45
2016-01-29,19.495
2016-02-01,19.35
2016-02-02,19.238
2016-02-03,19.225
2016-02-04,19.685
2016-02-05,19.585
2016-02-08,20.328
2016-02-09,20.385
2016-02-10,20.255
2016-02-11,20.95
2016-02-12,20.255
2016-02-15,19.855
2016-02-16,20.08
2016-02-17,19.965
2016-02-18,20.18
2016-02-19,20.128
2016-02-22,20.005
2016-02-23,19.77
2016-02-24,19.69
2016-02-25,19.24
2016-02-26,19.283
2016-02-29,19.335
2016-03-01,18.968
2016-03-02,18.245
2016-03-03,18.783
2016-03-04,19.78
2016-03-07,19.82
2016-03-08,19.735
2016-03-09,20.29
2016-03-10,21.545
2016-03-11,20.938
2016-03-14,21.46
2016-03-15,22.353
2016-03-16,22.183
2016-03-17,22.8
2016-03-18,21.763
2016-03-21,21.245
2016-03-22,20.775
2016-03-23,21.795
2016-03-24,21.328
2016-03-25,21.32
2016-03-28,21.55
2016-03-29,21.228
2016-03-30,20.993
2016-03-31,21.83
2016-04-01,22.298
2016-04-04,23.035
2016-04-05,23.663
2016-04-06,22.575
2016-04-07,22.645
2016-04-08,23.135
2016-04-11,23.16
2016-04-12,22.705
2016-04-13,22.34
2016-04-14,22.17
2016-04-15,22.188
2016-04-18,20.88
2016-04-19,20.225
2016-04-20,19.755
2016-04-21,19.828
2016-04-22,19.858
2016-04-25,19.465
2016-04-26,19.315
2016-04-27,18.708
2016-04-28,18.36
2016-04-29,18.22
2016-05-02,18.505
2016-05-03,19.185
2016-05-04,18.513
2016-05-05,18.65
2016-05-06,18.165
2016-05-09,18.76
2016-05-10,18.61
2016-05-11,18.26
2016-05-12,17.96
2016-05-13,17.893
2016-05-16,17.773
2016-05-17,17.505
2016-05-18,17.77
2016-05-19,18.0
2016-05-20,17.72
2016-05-23,18.18
2016-05-24,18.27
2016-05-25,18.325
2016-05-26,18.338
2016-05-27,18.14
2016-05-30,18.205
2016-05-31,18.725
2016-06-01,18.493
2016-06-02,17.778
2016-06-03,17.625
2016-06-06,17.575
2016-06-07,17.578
2016-06-08,17.858
2016-06-09,18.37
2016-06-10,19.063
2016-06-13,19.215
2016-06-14,19.015
2016-06-15,18.87
2016-06-16,18.943
2016-06-17,18.525
2016-06-20,18.215
2016-06-21,18.78
2016-06-22,18.73
2016-06-23,18.158
2016-06-24,18.515
2016-06-27,18.47
2016-06-28,17.738
2016-06-29,17.783
2016-06-30,17.77
2016-07-01,17.688
2016-07-04,17.755
2016-07-05,18.138
2016-07-06,18.145
2016-07-07,18.125
2016-07-08,17.615
2016-07-11,17.5
2016-07-12,17.48
2016-07-13,17.51
2016-07-14,17.52
2016-07-15,17.265
2016-07-18,17.13
2016-07-19,16.85
2016-07-20,16.735
2016-07-21,16.535
2016-07-22,16.463
2016-07-25,16.418
2016-07-26,16.455
2016-07-27,16.228
2016-07-28,15.86
2016-07-29,15.503
2016-08-01,15.605
2016-08-02,15.818
2016-08-03,15.815
2016-08-04,15.865
2016-08-05,15.785
2016-08-08,15.915
2016-08-09,16.57
2016-08-10,16.91
2016-08-11,16.795
2016-08-12,16.815
2016-08-15,16.615
2016-08-16,16.355
2016-08-17,16.538
2016-08-18,16.565
2016-08-19,16.385
2016-08-22,16.485
2016-08-23,16.56
2016-08-24,16.463
2016-08-25,16.45
2016-08-26,16.48
2016-08-29,16.575
2016-08-30,16.78
2016-08-31,16.593
2016-09-01,16.458
2016-09-02,16.16
2016-09-05,16.175
2016-09-06,15.828
2016-09-07,15.708
2016-09-08,15.883
2016-09-09,16.605
2016-09-12,16.783
2016-09-13,17.48
2016-09-14,17.755
2016-09-15,17.693
2016-09-16,17.635
2016-09-19,17.303
2016-09-20,16.988
2016-09-21,16.815
2016-09-22,16.695
2016-09-23,16.565
2016-09-26,16.613
2016-09-27,16.4
2016-09-28,16.65
2016-09-29,16.868
2016-09-30,17.335
2016-10-03,17.165
2016-10-04,17.483
2016-10-05,17.305
2016-10-06,17.12
2016-10-07,16.895
2016-10-10,16.895
2016-10-11,16.808
2016-10-12,16.78
2016-10-13,16.655
2016-10-14,16.61
2016-10-17,16.295
2016-10-18,16.22
2016-10-19,15.9
2016-10-20,15.145
2016-10-21,15.245
2016-10-24,15.29
2016-10-25,15.425
2016-10-26,15.755
2016-10-27,15.9
2016-10-28,16.31
2016-10-31,16.28
2016-11-01,16.858
2016-11-02,16.84
2016-11-03,16.96
2016-11-04,16.995
2016-11-07,16.505
2016-11-08,16.32
2016-11-09,15.625
2016-11-10,17.37
2016-11-11,17.82
2016-11-14,17.815
2016-11-15,17.013
2016-11-16,16.858
2016-11-17,16.653
2016-11-18,16.445
2016-11-21,16.33
2016-11-22,16.23
2016-11-23,16.313
2016-11-24,16.3
2016-11-25,16.445
2016-11-28,16.233
2016-11-29,16.305
2016-11-30,16.345
2016-12-01,16.6
2016-12-02,16.615
2016-12-05,16.55
2016-12-06,16.63
2016-12-07,16.515
2016-12-08,16.663
2016-12-09,16.6
2016-12-12,16.84
2016-12-13,16.678
2016-12-14,16.748
2016-12-15,16.985
2016-12-16,16.96
2016-12-19,16.97
2016-12-20,16.403
2016-12-21,16.185
2016-12-22,16.013
2016-12-23,16.1
2016-12-26,16.175
2016-12-27,16.145
2016-12-28,16.175
2016-12-29,16.175
2016-12-30,16.218
2017-01-02,16.333
2017-01-03,16.185
2017-01-04,16.185
2017-01-05,15.995
2017-01-06,15.628
2017-01-09,15.558
2017-01-10,15.48
2017-01-11,15.58
2017-01-12,15.475
2017-01-13,15.215
2017-01-16,15.27
2017-01-17,15.06
2017-01-18,14.99
2017-01-19,15.17
2017-01-20,15.15
2017-01-23,15.28
2017-01-24,15.125
2017-01-25,14.995
2017-01-26,14.73
2017-01-27,14.703
2017-01-30,14.623
2017-01-31,14.893
2017-02-01,14.748
2017-02-02,14.45
2017-02-03,14.125
2017-02-06,14.05
2017-02-07,13.963
2017-02-08,13.725
2017-02-09,13.548
2017-02-10,13.73
2017-02-13,13.74
2017-02-14,13.748
2017-02-15,13.65
2017-02-16,13.96
2017-02-17,14.05
2017-02-20,14.125
2017-02-21,13.92
2017-02-22,13.63
2017-02-23,13.673
2017-02-24,13.615
2017-02-27,13.708
2017-02-28,13.84
2017-03-01,13.688
2017-03-02,13.915
2017-03-03,13.685
2017-03-06,13.475
2017-03-07,13.17
2017-03-08,13.505
2017-03-09,13.83
2017-03-10,13.57
2017-03-13,13.63
2017-03-14,13.64
2017-03-15,13.245
2017-03-16,13.19
2017-03-17,13.155
2017-03-20,13.16
2017-03-21,13.42
2017-03-22,13.7
2017-03-23,14.285
2017-03-24,13.64
2017-03-27,13.833
2017-03-28,13.585
2017-03-29,13.348
2017-03-30,13.245
2017-03-31,13.325
2017-04-03,13.3
2017-04-04,13.228
2017-04-05,13.36
2017-04-06,13.555
2017-04-07,13.74
2017-04-10,13.64
2017-04-11,13.823
2017-04-12,13.81
2017-04-13,13.705
2017-04-14,13.713
2017-04-17,13.658
2017-04-18,13.613
2017-04-19,13.82
2017-04-20,13.785
2017-04-21,13.773
2017-04-24,13.23
2017-04-25,13.715
2017-04-26,14.3
2017-04-27,14.11
2017-04-28,13.945
2017-05-01,13.945
2017-05-02,13.9
2017-05-03,13.865
2017-05-04,13.93
2017-05-05,13.615
2017-05-08,13.25
2017-05-09,13.46
2017-05-10,13.375
2017-05-11,13.255
2017-05-12,12.925
2017-05-15,12.938
2017-05-16,12.875
2017-05-17,13.435
2017-05-18,19.13
2017-05-19,16.75
2017-05-22,16.315
2017-05-23,15.76
2017-05-24,15.438
2017-05-25,15.123
2017-05-26,14.395
2017-05-29,14.485
2017-05-30,14.428
2017-05-31,14.595
2017-06-01,14.668
2017-06-02,14.9
2017-06-05,15.075
2017-06-06,15.02
2017-06-07,14.695
2017-06-08,14.508
2017-06-09,14.328
2017-06-12,14.17
2017-06-13,13.84
2017-06-14,13.475
2017-06-15,13.685
2017-06-16,13.0
2017-06-19,12.875
2017-06-20,13.428
2017-06-21,13.278
2017-06-22,13.035
2017-06-23,12.59
2017-06-26,12.64
2017-06-27,13.163
2017-06-28,13.13
2017-06-29,13.305
2017-06-30,13.213
2017-07-03,13.275
2017-07-04,13.288
2017-07-05,13.35
2017-07-06,13.485
2017-07-07,13.275
2017-07-10,13.095
2017-07-11,13.065
2017-07-12,13.16
2017-07-13,12.9
2017-07-14,12.435
2017-07-17,12.09
2017-07-18,12.198
2017-07-19,12.28
2017-07-20,12.365
2017-07-21,12.6
2017-07-24,12.775
2017-07-25,12.83
2017-07-26,12.94
2017-07-27,13.02
2017-07-28,12.905
2017-07-31,12.753
2017-08-01,12.633
2017-08-02,12.67
2017-08-03,12.605
2017-08-04,12.34
2017-08-07,12.16
2017-08-08,12.32
2017-08-09,12.768
2017-08-10,13.33
2017-08-11,13.435
2017-08-14,13.235
2017-08-15,12.535
2017-08-16,11.78
2017-08-17,12.0
2017-08-18,11.8
2017-08-21,11.89
2017-08-22,11.875
2017-08-23,11.678
2017-08-24,11.65
2017-08-25,11.683
2017-08-28,11.785
2017-08-29,11.908
2017-08-30,11.705
2017-08-31,11.453
2017-09-01,11.08
2017-09-04,11.18
2017-09-05,11.428
2017-09-06,11.155
2017-09-07,11.128
2017-09-08,11.195
2017-09-11,10.933
2017-09-12,11.088
2017-09-13,11.303
2017-09-14,11.225
2017-09-15,11.23
2017-09-18,11.143
2017-09-19,11.133
2017-09-20,11.075
2017-09-21,11.205
2017-09-22,11.255
2017-09-25,11.36
2017-09-26,11.365
2017-09-27,11.645
2017-09-28,11.38
2017-09-29,11.318
2017-10-02,11.228
2017-10-03,11.02
2017-10-04,11.003
2017-10-05,11.33
2017-10-06,11.255
2017-10-09,11.458
2017-10-10,11.793
2017-10-11,11.655
2017-10-12,11.645
2017-10-13,11.56
2017-10-16,11.705
2017-10-17,11.625
2017-10-18,11.19
2017-10-19,11.2
2017-10-20,11.39
2017-10-23,11.74
2017-10-24,11.945
2017-10-25,11.86
2017-10-26,12.4
2017-10-27,12.148
2017-10-30,12.308
2017-10-31,12.038
2017-11-01,11.803
2017-11-02,11.678
2017-11-03,12.113
2017-11-06,11.848
2017-11-07,12.175
2017-11-08,12.305
2017-11-09,12.493
2017-11-10,12.85
2017-11-13,12.773
2017-11-14,12.76
2017-11-15,13.128
2017-11-16,12.73
2017-11-17,12.265
2017-11-20,12.235
2017-11-21,11.935
2017-11-22,11.818
2017-11-23,11.86
2017-11-24,11.748
2017-11-27,11.668
2017-11-28,11.595
2017-11-29,12.2
2017-11-30,12.438
2017-12-01,12.068
2017-12-04,12.07
2017-12-05,12.12
2017-12-06,12.233
2017-12-07,12.198
2017-12-08,12.225
2017-12-11,12.235
2017-12-12,12.14
2017-12-13,11.993
2017-12-14,11.965
2017-12-15,11.815
2017-12-18,11.855
2017-12-19,12.078
2017-12-20,12.263
2017-12-21,12.628
2017-12-22,12.775
2017-12-25,12.865
2017-12-26,12.783
2017-12-27,12.67
2017-12-28,12.64
2017-12-29,12.66
2018-01-01,12.8
2018-01-02,12.468
2018-01-03,12.408
2018-01-04,12.283
2018-01-05,11.988
2018-01-08,11.9
2018-01-09,11.885
2018-01-10,11.915
2018-01-11,11.733
2018-01-12,11.673
2018-01-15,11.573
2018-01-16,11.763
2018-01-17,11.915
2018-01-18,12.118
2018-01-19,12.15
2018-01-22,12.275
2018-01-23,12.69
2018-01-24,12.175
2018-01-25,12.035
2018-01-26,11.785
2018-01-29,11.88
2018-01-30,12.025
2018-01-31,11.948
2018-02-01,11.77
2018-02-02,12.14
2018-02-05,12.305
2018-02-06,12.815
2018-02-07,12.69
2018-02-08,13.075
2018-02-09,13.168
2018-02-12,12.998
2018-02-13,12.86
2018-02-14,12.0
2018-02-15,12.095
2018-02-16,12.008
2018-02-19,12.01
2018-02-20,12.048
2018-02-21,11.8
2018-02-22,11.713
2018-02-23,11.333
2018-02-26,11.338
2018-02-27,11.21
2018-02-28,11.16
2018-03-01,11.475
2018-03-02,11.285
2018-03-05,10.93
2018-03-06,11.09
2018-03-07,11.445
2018-03-08,11.493
2018-03-09,11.02
2018-03-12,11.09
2018-03-13,11.035
2018-03-14,11.155
2018-03-15,11.235
2018-03-16,11.1
2018-03-19,11.2
2018-03-20,11.305
2018-03-21,11.335
2018-03-22,11.523
2018-03-23,11.483
2018-03-26,11.51
2018-03-27,11.52
2018-03-28,11.535
2018-03-29,11.252
2018-03-30,11.273
2018-04-02,11.235
2018-04-03,11.368
2018-04-04,11.52
2018-04-05,11.235
2018-04-06,11.22
2018-04-09,11.97
2018-04-10,11.905
2018-04-11,11.667
2018-04-12,11.64
2018-04-13,11.78
2018-04-16,11.677
2018-04-17,11.53
2018-04-18,11.53
2018-04-19,11.84
2018-04-20,11.8
2018-04-23,12.38
2018-04-24,12.602
2018-04-25,12.865
2018-04-26,12.74
2018-04-27,12.175
2018-04-30,12.42
2018-05-01,12.635
2018-05-02,12.915
2018-05-03,12.885
2018-05-04,12.702
2018-05-07,12.535
2018-05-08,12.778
2018-05-09,12.913
2018-05-10,12.762
2018-05-11,12.83
2018-05-14,13.233
2018-05-15,13.608
2018-05-16,13.698
2018-05-17,14.083
2018-05-18,14.06
2018-05-21,13.96
2018-05-22,13.4
2018-05-23,13.392
2018-05-24,13.65
2018-05-25,13.708
2018-05-28,14.013
2018-05-29,14.875
2018-05-30,14.685
2018-05-31,14.958
2018-06-01,15.055
2018-06-04,14.647
2018-06-05,15.53
2018-06-06,15.4
2018-06-07,17.18
2018-06-08,16.395
2018-06-11,16.403
2018-06-12,16.318
2018-06-13,16.255
2018-06-14,17.722
2018-06-15,17.177
2018-06-18,17.1
2018-06-19,16.81
2018-06-20,16.79
2018-06-21,16.465
2018-06-22,16.24
2018-06-25,15.72
2018-06-26,15.275
2018-06-27,16.432
2018-06-28,16.445
2018-06-29,16.233
2018-07-02,16.667
2018-07-03,15.785
2018-07-04,15.847
2018-07-05,15.885
2018-07-06,15.67
2018-07-09,16.653
2018-07-10,16.735
2018-07-11,17.215
2018-07-12,17.485
2018-07-13,16.94
2018-07-16,16.88
2018-07-17,16.785
2018-07-18,16.765
2018-07-19,16.94
2018-07-20,16.955
2018-07-23,16.98
2018-07-24,17.005
2018-07-25,16.795
2018-07-26,16.8
2018-07-27,17.29
2018-07-30,17.37
2018-07-31,17.443
2018-08-01,17.255
2018-08-02,17.285
2018-08-03,17.16
2018-08-06,17.365
2018-08-07,18.04
2018-08-08,18.16
2018-08-09,18.995
2018-08-10,20.0
2018-08-13,20.597
2018-08-14,20.11
2018-08-15,20.7
2018-08-16,20.805
2018-08-17,21.408
2018-08-20,22.073
2018-08-21,22.55
2018-08-22,22.38
2018-08-23,23.08
2018-08-24,24.02
2018-08-27,24.017
2018-08-28,24.068
2018-08-29,23.362
2018-08-30,23.813
2018-08-31,22.938
2018-09-03,23.195
2018-09-04,23.722
2018-09-05,23.815
2018-09-06,24.757
2018-09-07,24.657
2018-09-10,25.118
2018-09-11,24.938
2018-09-12,24.042
2018-09-13,24.417
2018-09-14,24.233
2018-09-17,23.932
2018-09-18,23.682
2018-09-19,23.855
2018-09-20,24.235
2018-09-21,24.222
2018-09-24,24.892
2018-09-25,24.847
2018-09-26,23.628
2018-09-27,22.135
2018-09-28,21.607
2018-10-01,21.197
2018-10-02,20.607
2018-10-03,20.645
2018-10-04,20.927
2018-10-05,20.647
2018-10-08,17.798
2018-10-09,17.72
2018-10-10,18.533
2018-10-11,18.132
2018-10-12,18.127
2018-10-15,16.948
2018-10-16,15.468
2018-10-17,15.218
2018-10-18,15.555
2018-10-19,15.528
2018-10-22,15.195
2018-10-23,15.028
2018-10-24,15.653
2018-10-25,15.385
2018-10-26,15.435
2018-10-29,14.815
2018-10-30,14.372
2018-10-31,14.613
2018-11-01,14.327
2018-11-02,14.363
2018-11-05,14.41
2018-11-06,14.962
2018-11-07,14.675
2018-11-08,14.612
2018-11-09,14.31
2018-11-12,14.43
2018-11-13,14.6
2018-11-14,14.52
2018-11-15,14.52
2018-11-16,14.222
2018-11-19,14.005
2018-11-20,14.087
2018-11-21,14.247
2018-11-22,14.24
2018-11-23,14.467
2018-11-26,15.365
2018-11-27,15.132
2018-11-28,14.747
2018-11-29,14.628
2018-11-30,14.872
2018-12-03,14.515
2018-12-04,14.585
2018-12-05,14.825
2018-12-06,14.917
2018-12-07,14.983
2018-12-10,15.28
2018-12-11,14.855
2018-12-12,14.743
2018-12-13,14.948
2018-12-14,14.688
2018-12-17,14.595
2018-12-18,14.48
2018-12-19,14.208
2018-12-20,14.235
2018-12-21,14.108
2018-12-24,14.16
2018-12-25,14.165
2018-12-26,14.575
2018-12-27,14.75
2018-12-28,14.775
2018-12-31,14.563
2019-01-01,14.595
2019-01-02,14.528
2019-01-03,14.493
2019-01-04,13.875
2019-01-07,13.927
2019-01-08,13.778
2019-01-09,13.86
2019-01-10,14.145
2019-01-11,13.887
2019-01-14,13.767
2019-01-15,13.725
2019-01-16,13.722
2019-01-17,13.865
2019-01-18,13.763
2019-01-21,13.84
2019-01-22,13.773
2019-01-23,13.623
2019-01-24,13.863
2019-01-25,13.818
2019-01-28,13.945
2019-01-29,13.86
2019-01-30,13.61
2019-01-31,13.345
2019-02-01,13.425
2019-02-04,13.628
2019-02-05,13.407
2019-02-06,13.6
2019-02-07,13.745
2019-02-08,13.725
2019-02-11,13.98
2019-02-12,13.778
2019-02-13,13.882
2019-02-14,13.875
2019-02-15,13.92
2019-02-18,14.035
2019-02-19,14.11
2019-02-20,13.885
2019-02-21,14.06
2019-02-22,13.712
2019-02-25,13.51
2019-02-26,13.388
2019-02-27,13.205
2019-02-28,13.097
2019-03-01,13.292
2019-03-04,13.202
2019-03-05,13.025
2019-03-06,13.237
2019-03-07,13.523
2019-03-08,13.302
2019-03-11,13.067
2019-03-12,12.993
2019-03-13,13.045
2019-03-14,13.288
2019-03-15,13.02
2019-03-18,12.835
2019-03-19,12.86
2019-03-20,12.993
2019-03-21,13.62
2019-03-22,14.33
2019-03-25,13.862
2019-03-26,13.952
2019-03-27,14.92
2019-03-28,14.4
2019-03-29,14.255
2019-04-01,13.917
2019-04-02,13.818
2019-04-03,14.01
2019-04-04,13.915
2019-04-05,13.737
2019-04-08,13.612
2019-04-09,13.472
2019-04-10,13.188
2019-04-11,13.313
2019-04-12,13.458
2019-04-15,13.422
2019-04-16,13.587
2019-04-17,14.135
2019-04-18,14.097
2019-04-19,14.11
2019-04-22,13.993
2019-04-23,13.997
2019-04-24,14.11
2019-04-25,14.038
2019-04-26,13.78
2019-04-29,13.722
2019-04-30,13.515
2019-05-01,13.405
2019-05-02,13.655
2019-05-03,13.205
2019-05-06,13.495
2019-05-07,13.712
2019-05-08,13.735
2019-05-09,14.033
2019-05-10,13.59
2019-05-13,14.015
2019-05-14,13.735
2019-05-15,14.005
2019-05-16,14.185
2019-05-17,14.538
2019-05-20,14.462
2019-05-21,14.068
2019-05-22,13.778
2019-05-23,13.69
2019-05-24,13.6
2019-05-27,13.73
2019-05-28,13.552
2019-05-29,13.45
2019-05-30,13.422
2019-05-31,13.495
2019-06-03,13.407
2019-06-04,13.378
2019-06-05,13.65
2019-06-06,13.635
2019-06-07,13.493
2019-06-10,13.507
2019-06-11,13.45
2019-06-12,13.587
2019-06-13,13.757
2019-06-14,13.775
2019-06-17,13.837
2019-06-18,13.788
2019-06-19,13.67
2019-06-20,13.58
2019-06-21,13.165
2019-06-24,13.248
2019-06-25,13.235
2019-06-26,13.31
2019-06-27,13.347
2019-06-28,13.225
2019-07-01,13.265
2019-07-02,13.327
2019-07-03,13.372
2019-07-04,13.365
2019-07-05,13.06
2019-07-08,13.188
2019-07-09,13.195
2019-07-10,12.763
2019-07-11,12.17
2019-07-12,11.73
2019-07-15,11.265
2019-07-16,11.26
2019-07-17,11.19
2019-07-18,10.95
2019-07-19,10.882
2019-07-22,10.715
2019-07-23,11.038
2019-07-24,10.987
2019-07-25,11.267
2019-07-26,11.015
2019-07-29,11.165
2019-07-30,11.208
2019-07-31,11.405
2019-08-01,11.628
2019-08-02,11.68
2019-08-05,12.685
2019-08-06,12.465
2019-08-07,12.73
2019-08-08,12.42
2019-08-09,12.532
2019-08-12,12.968
2019-08-13,12.72
2019-08-14,13.66
2019-08-15,13.542
2019-08-16,13.06
2019-08-19,13.368
2019-08-20,13.297
2019-08-21,13.15
2019-08-22,13.51
2019-08-23,14.238
2019-08-26,14.53
2019-08-27,13.892
2019-08-28,13.628
2019-08-29,13.737
2019-08-30,13.128
2019-09-02,13.195
2019-09-03,13.455
2019-09-04,13.315
2019-09-05,13.26
2019-09-06,13.26
2019-09-09,13.163
2019-09-10,13.182
2019-09-11,13.15
2019-09-12,13.003
2019-09-13,12.96
2019-09-16,12.94
2019-09-17,12.835
2019-09-18,12.77
2019-09-19,12.94
2019-09-20,13.063
2019-09-23,12.962
2019-09-24,12.868
2019-09-25,12.878
2019-09-26,12.85
2019-09-27,12.698
2019-09-30,12.757
2019-10-01,12.67
2019-10-02,12.552
2019-10-03,12.645
2019-10-04,12.427
2019-10-07,12.637
2019-10-08,12.587
2019-10-09,12.497
2019-10-10,12.528
2019-10-11,12.568
2019-10-14,12.612
2019-10-15,12.765
2019-10-16,12.913
2019-10-17,12.932
2019-10-18,12.95
2019-10-21,12.97
2019-10-22,12.932
2019-10-23,12.895
2019-10-24,12.727
2019-10-25,12.403
2019-10-28,12.483
2019-10-29,12.372
2019-10-30,12.337
2019-10-31,12.438
2019-11-01,12.347
2019-11-04,12.493
2019-11-05,12.487
2019-11-06,12.438
2019-11-07,12.16
2019-11-08,12.23
2019-11-11,12.477
2019-11-12,12.448
2019-11-13,12.542
2019-11-14,12.517
2019-11-15,12.475
2019-11-18,12.31
2019-11-19,12.345
2019-11-20,12.323
2019-11-21,12.292
2019-11-22,12.04
2019-11-25,11.923
2019-11-26,11.868
2019-11-27,11.905
2019-11-28,11.903
2019-11-29,11.907
2019-12-02,11.715
2019-12-03,11.618
2019-12-04,11.243
2019-12-05,10.935
2019-12-06,10.955
2019-12-09,10.9
2019-12-10,11.0
2019-12-11,10.885
2019-12-12,10.755
2019-12-13,10.585
2019-12-16,10.438
2019-12-17,10.347
2019-12-18,10.145
2019-12-19,10.063
2019-12-20,10.313
2019-12-23,10.298
2019-12-24,10.347
2019-12-25,10.365
2019-12-26,10.398
2019-12-27,10.548
2019-12-30,10.483
2019-12-31,10.523
2020-01-01,10.532
2020-01-02,10.573
2020-01-03,10.927
2020-01-06,10.89
2020-01-07,10.872
2020-01-08,10.852
2020-01-09,10.642
2020-01-10,10.302
2020-01-13,10.398
2020-01-14,10.233
2020-01-15,10.257
2020-01-16,10.183
2020-01-17,9.91
2020-01-20,9.858
2020-01-21,9.747
2020-01-22,9.765
2020-01-23,9.792
2020-01-24,9.83
2020-01-27,10.085
2020-01-28,9.962
2020-01-29,9.77
2020-01-30,10.26
2020-01-31,10.763
2020-02-03,10.823
2020-02-04,10.485
2020-02-05,10.42
2020-02-06,10.593
2020-02-07,10.85
2020-02-10,11.048
2020-02-11,10.778
2020-02-12,10.648
2020-02-13,10.608
2020-02-14,10.6
2020-02-17,10.577
2020-02-18,10.4
2020-02-19,10.067
2020-02-20,10.18
2020-02-21,10.19
2020-02-24,10.405
2020-02-25,10.583
2020-02-26,10.878
2020-02-27,11.773
2020-02-28,12.27
2020-03-02,12.438
2020-03-03,11.952
2020-03-04,12.01
2020-03-05,12.87
2020-03-06,13.403
2020-03-09,16.59
2020-03-10,15.538
2020-03-11,15.782
2020-03-12,22.077
2020-03-13,22.15
2020-03-16,22.93
2020-03-17,23.415
2020-03-18,23.855
2020-03-19,23.89
2020-03-20,22.452
2020-03-23,23.042
2020-03-24,20.772
2020-03-25,19.498
2020-03-26,19.26
2020-03-27,19.272
2020-03-30,19.522
2020-03-31,19.37
2020-04-01,19.248
2020-04-02,18.573
2020-04-03,18.728
2020-04-06,18.98
2020-04-07,18.728
2020-04-08,18.67
2020-04-09,18.478
2020-04-10,18.217
2020-04-13,18.22
2020-04-14,17.87
2020-04-15,17.908
2020-04-16,18.112
2020-04-17,17.945
2020-04-20,18.15
2020-04-21,18.515
2020-04-22,18.555
2020-04-23,19.605
2020-04-24,21.483
2020-04-27,22.882
2020-04-28,22.855
2020-04-29,21.877
2020-04-30,20.772
2020-05-01,20.855
2020-05-04,21.07
2020-05-05,21.205
2020-05-06,21.813
2020-05-07,22.783
2020-05-08,22.6
2020-05-11,22.438
2020-05-12,22.0
2020-05-13,22.535
2020-05-14,22.65
2020-05-15,22.057
2020-05-18,22.12
2020-05-19,21.76
2020-05-20,21.175
2020-05-21,20.6
2020-05-22,20.475
2020-05-25,20.435
2020-05-26,19.755
2020-05-27,19.435
2020-05-28,19.685
2020-05-29,19.8
2020-06-01,20.06
2020-06-02,19.93
2020-06-03,19.427
2020-06-04,18.485
2020-06-05,17.94
2020-06-08,17.318
2020-06-09,17.587
2020-06-10,17.642
2020-06-11,17.597
2020-06-12,19.228
2020-06-15,19.735
2020-06-16,19.975
2020-06-17,20.962
2020-06-18,21.665
2020-06-19,21.375
2020-06-22,21.325
2020-06-23,20.693
2020-06-24,21.04
2020-06-25,21.233
2020-06-26,22.467
2020-06-29,22.58
2020-06-30,22.71
2020-07-01,22.33
2020-07-02,21.52
2020-07-03,20.83
2020-07-06,20.385
2020-07-07,20.153
2020-07-08,20.05
2020-07-09,19.86
2020-07-10,19.568
2020-07-13,18.89
2020-07-14,19.24
2020-07-15,19.17
2020-07-16,18.737
2020-07-17,18.002
2020-07-20,18.138
2020-07-21,17.555
2020-07-22,17.932
2020-07-23,18.61
2020-07-24,19.44
2020-07-27,19.6
2020-07-28,19.47
2020-07-29,19.04
2020-07-30,18.94
2020-07-31,19.135
2020-08-03,19.8
2020-08-04,20.65
2020-08-05,20.038
2020-08-06,20.177
2020-08-07,20.163
2020-08-10,20.342
2020-08-11,20.145
2020-08-12,20.427
2020-08-13,20.563
2020-08-14,20.573
2020-08-17,20.99
2020-08-18,21.255
2020-08-19,21.17
2020-08-20,22.028
2020-08-21,21.688
2020-08-24,21.23
2020-08-25,20.825
2020-08-26,20.618
2020-08-27,20.83
2020-08-28,20.83
2020-08-31,20.84
2020-09-01,20.8
2020-09-02,20.75
2020-09-03,20.597
2020-09-04,20.767
2020-09-07,21.017
2020-09-08,21.377
2020-09-09,21.29
2020-09-10,21.153
2020-09-11,21.057
2020-09-14,20.708
2020-09-15,20.335
2020-09-16,20.193
2020-09-17,19.757
2020-09-18,19.458
2020-09-21,20.938
2020-09-22,20.802
2020-09-23,21.188
2020-09-24,21.548
2020-09-25,21.592
2020-09-28,21.587
2020-09-29,21.752
2020-09-30,21.87
2020-10-01,21.432
2020-10-02,21.158
2020-10-05,21.313
2020-10-06,21.233
2020-10-07,21.17
2020-10-08,20.927
2020-10-09,20.685
2020-10-12,20.69
2020-10-13,19.96
2020-10-14,19.605
2020-10-15,19.413
2020-10-16,19.368
2020-10-19,19.16
2020-10-20,18.673
2020-10-21,18.472
2020-10-22,18.502
2020-10-23,18.245
2020-10-26,18.355
2020-10-27,18.248
2020-10-28,18.99
2020-10-29,19.015
2020-10-30,18.945
2020-11-02,19.085
2020-11-03,19.09
2020-11-04,18.292
2020-11-05,17.943
2020-11-06,17.76
2020-11-09,18.14
2020-11-10,18.135
2020-11-11,18.333
2020-11-12,18.548
2020-11-13,19.085
2020-11-16,19.37
2020-11-17,18.87
2020-11-18,18.71
2020-11-19,18.807
2020-11-20,18.45
2020-11-23,18.548
2020-11-24,18.372
2020-11-25,18.03
2020-11-26,17.975
2020-11-27,18.12
2020-11-30,18.377
2020-12-01,18.193
2020-12-02,18.323
2020-12-03,18.597
2020-12-04,18.622
2020-12-07,18.592
2020-12-08,18.665
2020-12-09,18.94
2020-12-10,18.9
2020-12-11,18.205
2020-12-14,18.467
2020-12-15,18.355
2020-12-16,18.325
2020-12-17,18.1
2020-12-18,18.115
2020-12-21,18.932
2020-12-22,18.8
2020-12-23,18.665
2020-12-24,18.778
2020-12-25,18.752
2020-12-28,19.13
2020-12-29,19.305
2020-12-30,19.407
2020-12-31,19.337
2021-01-01,19.388
2021-01-04,19.62
2021-01-05,19.908
2021-01-06,19.39
2021-01-07,19.895
2021-01-08,19.958
2021-01-11,20.392
2021-01-12,19.81
2021-01-13,19.798
2021-01-14,19.718
2021-01-15,19.903
2021-01-18,20.17
2021-01-19,19.837
2021-01-20,19.675
2021-01-21,19.972
2021-01-22,20.16
2021-01-25,20.507
2021-01-26,20.253
2021-01-27,20.378
2021-01-28,20.378
2021-01-29,20.145
2021-02-01,20.175
2021-02-02,19.58
2021-02-03,19.25
2021-02-04,19.267
2021-02-05,18.983
2021-02-08,18.583
2021-02-09,18.438
2021-02-10,18.28
2021-02-11,18.073
2021-02-12,17.667
2021-02-15,17.61
2021-02-16,17.705
2021-02-17,17.827
2021-02-18,17.638
2021-02-19,17.467
2021-02-22,18.212
2021-02-23,18.307
2021-02-24,17.93
2021-02-25,18.193
2021-02-26,18.38
2021-03-01,18.425
2021-03-02,18.507
2021-03-03,19.188
2021-03-04,18.78
2021-03-05,18.818
2021-03-08,18.98
2021-03-09,19.1
2021-03-10,18.987
2021-03-11,19.075
2021-03-12,18.923
2021-03-15,19.177
2021-03-16,19.327
2021-03-17,19.438
2021-03-18,19.158
2021-03-19,18.895
2021-03-22,19.022
2021-03-23,18.938
2021-03-24,19.208
2021-03-25,19.368
2021-03-26,19.347
2021-03-29,19.307
2021-03-30,19.105
2021-03-31,19.03
2021-04-01,18.85
2021-04-02,18.885
2021-04-05,19.055
2021-04-06,18.865
2021-04-07,18.885
2021-04-08,18.805
2021-04-09,19.04
2021-04-12,19.142
2021-04-13,18.88
2021-04-14,18.858
2021-04-15,18.9
2021-04-16,18.978
2021-04-19,18.757
2021-04-20,18.635
2021-04-21,18.577
2021-04-22,18.16
2021-04-23,18.097
2021-04-26,17.993
2021-04-27,17.86
2021-04-28,17.548
2021-04-29,17.23
2021-04-30,17.04
2021-05-03,17.09
2021-05-04,17.217
2021-05-05,17.278
2021-05-06,17.042
2021-05-07,16.618
2021-05-10,16.54
2021-05-11,16.53
2021-05-12,16.56
2021-05-13,16.813
2021-05-14,16.702
2021-05-17,16.693
2021-05-18,16.705
2021-05-19,16.615
2021-05-20,16.725
2021-05-21,16.67
2021-05-24,16.945
2021-05-25,16.865
2021-05-26,16.847
2021-05-27,16.465
2021-05-28,16.27
2021-05-31,16.245
2021-06-01,16.29
2021-06-02,16.233
2021-06-03,16.153
2021-06-04,15.668
2021-06-07,15.445
2021-06-08,15.185
2021-06-09,15.03
2021-06-10,15.267
2021-06-11,15.128
2021-06-14,15.288
2021-06-15,15.308
2021-06-16,15.362
2021-06-17,15.688
2021-06-18,15.645
2021-06-21,15.82
2021-06-22,15.73
2021-06-23,15.535
2021-06-24,15.325
2021-06-25,15.12
2021-06-28,15.212
2021-06-29,15.215
2021-06-30,15.715
2021-07-01,16.192
2021-07-02,16.315
2021-07-05,16.513
2021-07-06,17.245
2021-07-07,17.603
2021-07-08,17.688
2021-07-09,17.688
2021-07-12,17.46
2021-07-13,17.01
2021-07-14,16.877
2021-07-15,16.862
2021-07-16,16.56
2021-07-19,16.905
2021-07-20,17.063
2021-07-21,17.02
2021-07-22,16.892
2021-07-23,16.35
2021-07-26,16.603
2021-07-27,16.45
2021-07-28,16.317
2021-07-29,16.283
2021-07-30,16.342
2021-08-02,16.627
2021-08-03,16.95
2021-08-04,17.283
2021-08-05,17.235
2021-08-06,17.495
2021-08-09,17.735
2021-08-10,17.85
2021-08-11,17.557
2021-08-12,17.355
2021-08-13,17.09
2021-08-16,17.085
2021-08-17,16.972
2021-08-18,16.958
2021-08-19,17.538
2021-08-20,17.49
2021-08-23,17.555
2021-08-24,17.27
2021-08-25,17.07
2021-08-26,16.775
2021-08-27,16.513
2021-08-30,16.31
2021-08-31,16.125
2021-09-01,16.188
2021-09-02,16.075
2021-09-03,16.118
2021-09-06,16.23
2021-09-07,16.22
2021-09-08,16.42
2021-09-09,17.013
2021-09-10,16.967
2021-09-13,16.903
2021-09-14,16.752
2021-09-15,16.618
2021-09-16,16.53
2021-09-17,16.805
2021-09-20,16.945
2021-09-21,16.987
2021-09-22,16.847
2021-09-23,16.735
2021-09-24,16.688
2021-09-27,16.568
2021-09-28,16.688
2021-09-29,16.675
2021-09-30,16.745
2021-10-01,16.623
2021-10-04,16.603
2021-10-05,16.577
2021-10-06,16.693
2021-10-07,16.647
2021-10-08,16.515
2021-10-11,16.605
2021-10-12,16.615
2021-10-13,16.58
2021-10-14,16.305
2021-10-15,16.24
2021-10-18,16.295
2021-10-19,16.353
2021-10-20,16.6
2021-10-21,16.882
2021-10-22,17.32
2021-10-25,17.625
2021-10-26,17.58
2021-10-27,17.585
2021-10-28,17.638
2021-10-29,17.605
2021-11-01,17.69
2021-11-02,17.665
2021-11-03,17.555
2021-11-04,17.63
2021-11-05,17.365
2021-11-08,17.41
2021-11-09,17.43
2021-11-10,17.14
2021-11-11,17.03
2021-11-12,16.975
2021-11-15,17.18
2021-11-16,17.2
2021-11-17,17.158
2021-11-18,17.04
2021-11-19,17.075
2021-11-22,17.15
2021-11-23,17.04
2021-11-24,16.97
2021-11-25,16.93
2021-11-26,17.02
2021-11-29,17.195
2021-11-30,16.88
2021-12-01,16.705
2021-12-02,16.62
2021-12-03,16.465
2021-12-06,16.673
2021-12-07,16.255
2021-12-08,16.25
2021-12-09,16.395
2021-12-10,16.42
2021-12-13,16.583
2021-12-14,16.23
2021-12-15,16.22
2021-12-16,16.315
2021-12-17,16.282
2021-12-20,16.465
2021-12-21,16.252
2021-12-22,16.205
2021-12-23,16.243
2021-12-24,16.225
2021-12-27,16.313
2021-12-28,16.21
2021-12-29,16.185
2021-12-30,16.23
2021-12-31,16.245
2022-01-03,16.313
2022-01-04,16.237
2022-01-05,16.16
2022-01-06,16.16
2022-01-07,16.075
2022-01-10,16.0
2022-01-11,15.495
2022-01-12,15.23
2022-01-13,15.095
2022-01-14,14.997
2022-01-17,15.105
2022-01-18,14.93
2022-01-19,14.9
2022-01-20,15.042
2022-01-21,15.267
2022-01-24,16.415
2022-01-25,16.302
2022-01-26,16.042
2022-01-27,16.017
2022-01-28,15.952
2022-01-31,16.002
2022-02-01,16.108
2022-02-02,16.02
2022-02-03,16.142
2022-02-04,16.127
2022-02-07,16.22
2022-02-08,16.198
2022-02-09,15.815
2022-02-10,15.667
2022-02-11,16.202
2022-02-14,16.658
2022-02-15,16.43
2022-02-16,16.052
2022-02-17,16.145
2022-02-18,16.09
2022-02-21,16.188
2022-02-22,16.263
2022-02-23,15.96
2022-02-24,16.888
2022-02-25,16.927
2022-02-28,17.04
2022-03-01,17.028
2022-03-02,17.233
2022-03-03,17.22
2022-03-04,17.958
2022-03-07,18.395
2022-03-08,18.193
2022-03-09,17.112
2022-03-10,17.325
2022-03-11,17.305
2022-03-14,17.498
2022-03-15,17.923
2022-03-16,17.583
2022-03-17,17.28
2022-03-18,17.342
2022-03-21,17.717
2022-03-22,17.847
2022-03-23,18.147
2022-03-24,18.842
2022-03-25,18.813
2022-03-28,19.225
2022-03-29,19.125
2022-03-30,18.7
2022-03-31,18.577
2022-04-01,18.217
2022-04-04,18.025
2022-04-05,17.853
2022-04-06,17.927
2022-04-07,18.233
2022-04-08,18.408
2022-04-11,18.23
2022-04-12,18.075
2022-04-13,17.975
2022-04-14,17.833
2022-04-15,17.827
2022-04-18,17.805
2022-04-19,17.755
2022-04-20,17.76
2022-04-21,17.755
2022-04-22,18.513
2022-04-25,19.215
2022-04-26,19.545
2022-04-27,19.56
2022-04-28,19.963
2022-04-29,19.815
2022-05-02,20.415
2022-05-03,20.248
2022-05-04,20.25
2022-05-05,20.237
2022-05-06,20.252
2022-05-09,20.428
2022-05-10,20.21
2022-05-11,20.095
2022-05-12,20.063
2022-05-13,19.455
2022-05-16,19.608
2022-05-17,19.535
2022-05-18,19.92
2022-05-19,20.118
2022-05-20,19.952
2022-05-23,20.025
2022-05-24,19.94
2022-05-25,19.975
2022-05-26,19.88
2022-05-27,19.795
2022-05-30,19.915
2022-05-31,19.76
2022-06-01,19.615
2022-06-02,19.58
2022-06-03,19.305
2022-06-06,19.325
2022-06-07,19.455
2022-06-08,19.503
2022-06-09,19.548
2022-06-10,19.565
2022-06-13,20.36
2022-06-14,20.4
2022-06-15,20.045
2022-06-16,19.93
2022-06-17,20.028
2022-06-20,19.948
2022-06-21,19.923
2022-06-22,19.818
2022-06-23,19.827
2022-06-24,19.377
2022-06-27,19.405
2022-06-28,19.42
2022-06-29,19.373
2022-06-30,20.725
2022-07-01,20.813
2022-07-04,21.083
2022-07-05,21.142
2022-07-06,21.077
2022-07-07,20.92
2022-07-08,20.815
2022-07-11,21.035
2022-07-12,20.83
2022-07-13,20.82
2022-07-14,20.877
2022-07-15,20.635
2022-07-18,20.77
2022-07-19,20.763
2022-07-20,20.43
2022-07-21,20.478
2022-07-22,20.188
2022-07-25,20.245
2022-07-26,20.2
2022-07-27,20.208
2022-07-28,20.498
2022-07-29,21.822
2022-08-01,21.853
2022-08-02,21.895
2022-08-03,21.987
2022-08-04,22.163
2022-08-05,21.877
2022-08-08,22.127
2022-08-09,22.068
2022-08-10,22.013
2022-08-11,22.108
2022-08-12,22.147
2022-08-15,22.142
2022-08-16,22.248
2022-08-17,22.358
2022-08-18,22.427
2022-08-19,22.322
2022-08-22,22.638
2022-08-23,22.38
2022-08-24,22.35
2022-08-25,22.173
2022-08-26,21.882
2022-08-29,21.903
2022-08-30,21.938
2022-08-31,22.175
2022-09-01,22.252
2022-09-02,21.903
2022-09-05,22.022
2022-09-06,21.943
2022-09-07,21.853
2022-09-08,21.807
2022-09-09,21.373
2022-09-12,21.225
2022-09-13,21.147
2022-09-14,21.087
2022-09-15,20.895
2022-09-16,21.103
2022-09-19,20.962
2022-09-20,20.888
2022-09-21,20.807
2022-09-22,20.715
2022-09-23,20.688
2022-09-26,21.36
2022-09-27,21.372
2022-09-28,21.343
2022-09-29,21.435
2022-09-30,21.465
2022-10-03,20.263
2022-10-04,20.263
2022-10-05,20.263
2022-10-06,20.175
2022-10-07,20.193
2022-10-10,20.313
2022-10-11,20.343
2022-10-12,20.382
2022-10-13,20.6
2022-10-14,20.608
2022-10-17,20.635
2022-10-18,20.665
2022-10-19,20.81
2022-10-20,20.958
2022-10-21,20.945
2022-10-24,21.475
2022-10-25,21.59
2022-10-26,21.517
2022-10-27,21.917
2022-10-28,21.725
2022-10-31,20.443
2022-11-01,19.43
2022-11-02,19.425
2022-11-03,19.475
2022-11-04,18.962
2022-11-07,19.077
2022-11-08,19.778
2022-11-09,19.878
2022-11-10,20.795
2022-11-11,22.98
2022-11-14,22.123
2022-11-15,22.15
2022-11-16,21.548
2022-11-17,22.452
2022-11-18,21.438
2022-11-21,21.18
2022-11-22,20.79
2022-11-23,20.903
2022-11-24,20.862
2022-11-25,20.698
2022-11-28,20.747
2022-11-29,20.007
2022-11-30,20.103
2022-12-01,20.347
2022-12-02,20.417
2022-12-05,20.572
2022-12-06,20.358
2022-12-07,20.39
2022-12-08,20.462
2022-12-09,20.263
2022-12-12,20.417
2022-12-13,20.028
2022-12-14,19.81
2022-12-15,19.603
2022-12-16,19.345
2022-12-19,19.318
2022-12-20,18.935
2022-12-21,19.035
2022-12-22,19.06
2022-12-23,19.123
2022-12-26,19.333
2022-12-27,19.165
2022-12-28,19.085
2022-12-29,19.115
2022-12-30,19.252
2023-01-02,19.45
2023-01-03,19.34
2023-01-04,19.47
2023-01-05,19.36
2023-01-06,19.295
2023-01-09,19.673
2023-01-10,19.415
2023-01-11,19.028
2023-01-12,18.89
2023-01-13,19.055
2023-01-16,19.215
2023-01-17,18.995
2023-01-18,18.91
2023-01-19,18.89
2023-01-20,18.77
2023-01-23,18.483
2023-01-24,18.19
2023-01-25,17.8
2023-01-26,17.75
2023-01-27,17.72
2023-01-30,17.65
2023-01-31,17.587
2023-02-01,17.565
2023-02-02,17.837
2023-02-03,18.153
2023-02-06,18.645
2023-02-07,18.967
2023-02-08,18.702
2023-02-09,18.872
2023-02-10,18.993
2023-02-13,19.24
2023-02-14,19.288
2023-02-15,18.968
2023-02-16,18.513
2023-02-17,18.542
2023-02-20,18.717
2023-02-21,18.767
2023-02-22,18.495
2023-02-23,18.09
2023-02-24,17.925
2023-02-27,17.89
2023-02-28,17.385
2023-03-01,17.22
2023-03-02,16.967
2023-03-03,16.475
2023-03-06,16.195
2023-03-07,15.837
2023-03-08,15.952
2023-03-09,16.177
2023-03-10,16.335
2023-03-13,17.185
2023-03-14,16.548
2023-03-15,17.14
2023-03-16,17.108
2023-03-17,16.815
2023-03-20,16.595
2023-03-21,16.61
2023-03-22,16.35
2023-03-23,16.373
2023-03-24,16.735
2023-03-27,16.772
2023-03-28,16.705
2023-03-29,16.693
2023-03-30,16.81
2023-03-31,16.907
2023-04-03,16.895
2023-04-04,16.487
2023-04-05,16.37
2023-04-06,16.425
2023-04-07,16.408
2023-04-10,16.38
2023-04-11,16.33
2023-04-12,16.165
2023-04-13,15.97
2023-04-14,15.878
2023-04-17,15.82
2023-04-18,15.745
2023-04-19,15.945
2023-04-20,16.353
2023-04-21,16.307
2023-04-24,16.23
2023-04-25,16.09
2023-04-26,15.94
2023-04-27,15.55
2023-04-28,15.5
2023-05-01,15.603
2023-05-02,15.67
2023-05-03,15.54
2023-05-04,15.27
2023-05-05,15.1
2023-05-08,15.208
2023-05-09,15.215
2023-05-10,14.89
2023-05-11,15.033
2023-05-12,14.87
2023-05-15,14.648
2023-05-16,14.578
2023-05-17,14.725
2023-05-18,14.882
2023-05-19,14.725
2023-05-22,14.858
2023-05-23,14.765
2023-05-24,14.605
2023-05-25,14.55
2023-05-26,14.61
2023-05-29,14.65
2023-05-30,14.635
2023-05-31,14.51
2023-06-01,14.325
2023-06-02,14.28
2023-06-05,14.225
2023-06-06,14.073
2023-06-07,13.913
2023-06-08,13.878
2023-06-09,13.73
2023-06-12,13.805
2023-06-13,13.395
2023-06-14,13.32
2023-06-15,13.255
2023-06-16,13.33
2023-06-19,13.467
2023-06-20,13.45
2023-06-21,13.38
2023-06-22,13.323
2023-06-23,13.23
2023-06-26,13.205
2023-06-27,13.24
2023-06-28,13.5
2023-06-29,13.68
2023-06-30,13.375
2023-07-03,13.453
2023-07-04,13.38
2023-07-05,13.337
2023-07-06,13.745
2023-07-07,13.77
2023-07-10,13.655
2023-07-11,13.63
2023-07-12,13.665
2023-07-13,13.515
2023-07-14,13.12
2023-07-17,13.203
2023-07-18,13.185
2023-07-19,13.17
2023-07-20,13.422
2023-07-21,13.34
2023-07-24,13.515
2023-07-25,13.49
2023-07-26,13.345
2023-07-27,13.33
2023-07-28,13.185
2023-07-31,13.255
2023-08-01,13.465
2023-08-02,13.708
2023-08-03,14.273
2023-08-04,14.105
2023-08-07,14.02
2023-08-08,14.25
2023-08-09,14.245
2023-08-10,13.96
2023-08-11,13.765
2023-08-14,13.845
2023-08-15,13.84
2023-08-16,13.92
2023-08-17,13.903
2023-08-18,13.73
2023-08-21,13.765
2023-08-22,13.485
2023-08-23,13.445
2023-08-24,13.61
2023-08-25,13.475
2023-08-28,13.613
2023-08-29,13.413
2023-08-30,13.3
2023-08-31,13.587
2023-09-01,13.505
2023-09-04,13.575
2023-09-05,13.63
2023-09-06,13.92
2023-09-07,13.89
2023-09-08,13.79
2023-09-11,13.535
2023-09-12,13.505
2023-09-13,13.295
2023-09-14,13.225
2023-09-15,13.235
2023-09-18,13.09
2023-09-19,12.995
2023-09-20,12.995
2023-09-21,13.165
2023-09-22,13.26
2023-09-25,13.44
2023-09-26,13.41
2023-09-27,13.755
2023-09-28,14.05
2023-09-29,13.757
2023-10-02,13.7
2023-10-03,14.095
2023-10-04,14.325
2023-10-05,14.33
2023-10-06,14.17
2023-10-09,14.405
2023-10-10,14.297
2023-10-11,14.125
2023-10-12,14.105
2023-10-13,14.07
2023-10-16,14.03
2023-10-17,13.735
2023-10-18,13.755
2023-10-19,13.648
2023-10-20,13.725
2023-10-23,13.76
2023-10-24,13.62
2023-10-25,13.385
2023-10-26,13.363
2023-10-27,13.2
2023-10-30,13.637
2023-10-31,13.595
2023-11-01,13.257
2023-11-02,13.167
2023-11-03,12.95
2023-11-06,12.925
2023-11-07,12.92
2023-11-08,12.985
2023-11-09,13.12
2023-11-10,13.095
2023-11-13,13.07
2023-11-14,12.783
2023-11-15,12.765
2023-11-16,12.68
2023-11-17,12.685
2023-11-20,12.76
2023-11-21,12.74
2023-11-22,12.645
2023-11-23,12.717
2023-11-24,12.535
2023-11-27,12.658
2023-11-28,12.61
2023-11-29,12.62
2023-11-30,12.7
2023-12-01,12.795
2023-12-04,12.865
2023-12-05,12.915
2023-12-06,12.935
2023-12-07,12.905
2023-12-08,12.953
2023-12-11,12.855
2023-12-12,12.823
2023-12-13,12.733
2023-12-14,12.87
2023-12-15,12.927
2023-12-18,12.913
2023-12-19,12.873
2023-12-20,12.75
2023-12-21,12.798
2023-12-22,12.715
2023-12-25,12.865
2023-12-26,12.96
2023-12-27,13.023
2023-12-28,13.11
2023-12-29,13.0
2024-01-01,13.122
2024-01-02,13.212
2024-01-03,13.318
2024-01-04,13.19
2024-01-05,12.815
2024-01-08,12.517
2024-01-09,12.4
2024-01-10,12.4
2024-01-11,12.123
2024-01-12,11.655
2024-01-15,11.498
2024-01-16,11.802
2024-01-17,11.903
2024-01-18,11.64
2024-01-19,11.57
2024-01-22,11.767
2024-01-23,11.943
2024-01-24,11.96
2024-01-25,11.88
2024-01-26,11.75
2024-01-29,11.755
2024-01-30,11.583
2024-01-31,11.538
2024-02-01,11.47
2024-02-02,11.395
2024-02-05,11.733
2024-02-06,11.285
2024-02-07,11.093
2024-02-08,11.175
2024-02-09,11.017
2024-02-12,11.137
2024-02-13,11.202
2024-02-14,11.035
2024-02-15,10.927
2024-02-16,10.552
2024-02-19,10.605
2024-02-20,10.29
2024-02-21,10.173
2024-02-22,10.167
2024-02-23,10.198
2024-02-26,10.097
2024-02-27,10.007
2024-02-28,10.0
2024-02-29,10.032
2024-03-01,9.948
2024-03-04,10.063
2024-03-05,10.06
2024-03-06,10.06
2024-03-07,10.077
2024-03-08,10.448
2024-03-11,10.413
2024-03-12,10.132
2024-03-13,9.778
2024-03-14,9.837
2024-03-15,9.745
2024-03-18,9.872
2024-03-19,9.967
2024-03-20,9.915
2024-03-21,9.878
2024-03-22,9.98
2024-03-25,9.898
2024-03-26,9.665
2024-03-27,9.727
2024-03-28,9.845
2024-03-29,9.82
2024-04-01,10.137
2024-04-02,10.102
2024-04-03,10.173
2024-04-04,10.257
2024-04-05,10.548
2024-04-08,10.363
2024-04-09,10.37
2024-04-10,10.59
2024-04-11,10.555
2024-04-12,11.245
2024-04-15,11.68
2024-04-16,12.605
2024-04-17,12.028
2024-04-18,11.775
2024-04-19,11.94
2024-04-22,11.727
2024-04-23,11.368
2024-04-24,11.193
2024-04-25,11.3
2024-04-26,11.055
2024-04-29,10.805
2024-04-30,11.075
2024-05-01,11.173
2024-05-02,10.983
2024-05-03,10.71
2024-05-06,10.688
2024-05-07,10.57
2024-05-08,10.785
2024-05-09,11.305
2024-05-10,11.193
2024-05-13,11.538
2024-05-14,11.517
2024-05-15,11.538
2024-05-16,11.465
2024-05-17,11.113
2024-05-20,10.977
2024-05-21,10.96
2024-05-22,11.093
2024-05-23,10.975
2024-05-24,11.007
2024-05-27,11.132
2024-05-28,11.08
2024-05-29,11.138
2024-05-30,11.17
2024-05-31,11.22
2024-06-03,11.157
2024-06-04,11.245
2024-06-05,11.255
2024-06-06,11.472
2024-06-07,11.66
2024-06-10,12.273
2024-06-11,12.448
2024-06-12,13.032
2024-06-13,13.167
2024-06-14,13.085
2024-06-17,13.345
2024-06-18,13.642
2024-06-19,13.915
2024-06-20,13.93
2024-06-21,13.535
2024-06-24,13.35
2024-06-25,13.4
2024-06-26,13.782
2024-06-27,13.872
2024-06-28,14.345
2024-07-01,15.09
2024-07-02,15.57
2024-07-03,15.06
2024-07-04,14.635
2024-07-05,13.79
2024-07-08,13.38
2024-07-09,12.665
2024-07-10,12.532
2024-07-11,12.413
2024-07-12,12.485
2024-07-15,12.477
2024-07-16,12.382
2024-07-17,12.563
2024-07-18,13.858
2024-07-19,13.65
2024-07-22,13.49
2024-07-23,13.443
2024-07-24,13.71
2024-07-25,13.943
2024-07-26,13.782
2024-07-29,13.852
2024-07-30,13.845
2024-07-31,13.825
2024-08-01,14.138
2024-08-02,14.19
2024-08-05,14.833
2024-08-06,14.993
2024-08-07,14.86
2024-08-08,14.858
2024-08-09,14.718
2024-08-12,14.688
2024-08-13,14.51
2024-08-14,13.955
2024-08-15,13.698
2024-08-16,13.438
2024-08-19,13.555
2024-08-20,13.985
2024-08-21,14.14
2024-08-22,14.755
2024-08-23,14.382
2024-08-26,14.61
2024-08-27,14.56
2024-08-28,14.747
2024-08-29,15.218
2024-08-30,15.125
2024-09-02,15.325
2024-09-03,15.177
2024-09-04,15.032
2024-09-05,14.92
2024-09-06,14.76
2024-09-09,14.628
2024-09-10,14.595
2024-09-11,14.55
2024-09-12,14.452
2024-09-13,14.372
2024-09-16,14.528
2024-09-17,14.665
2024-09-18,14.71
2024-09-19,14.48
2024-09-20,14.347
2024-09-23,14.65
2024-09-24,14.593
2024-09-25,14.523
2024-09-26,14.398
2024-09-27,14.042
2024-09-30,14.035
2024-10-01,14.295
2024-10-02,14.445
2024-10-03,14.645
2024-10-04,14.525
2024-10-07,14.778
2024-10-08,14.965
2024-10-09,15.155
2024-10-10,15.003
2024-10-11,15.15
2024-10-14,15.16
2024-10-15,15.153
2024-10-16,15.4
2024-10-17,15.39
2024-10-18,15.3
2024-10-21,15.425
2024-10-22,15.252
2024-10-23,15.34
2024-10-24,15.28
2024-10-25,15.01
2024-10-28,15.052
2024-10-29,15.202
2024-10-30,15.682
2024-10-31,15.793
2024-11-01,15.72
2024-11-04,16.248
2024-11-05,16.317
2024-11-06,14.865
2024-11-07,14.807
2024-11-08,14.958
2024-11-11,15.343
2024-11-12,15.212
2024-11-13,15.095
2024-11-14,14.795
2024-11-15,14.688
2024-11-18,14.33
2024-11-19,14.17
2024-11-20,14.19
2024-11-21,14.302
2024-11-22,14.132
2024-11-25,14.11
2024-11-26,13.863
2024-11-27,14.22
2024-11-28,14.648
2024-11-29,14.955
2024-12-02,15.262
2024-12-03,15.11
2024-12-04,14.68
2024-12-05,14.135
2024-12-06,13.99
2024-12-09,14.17
2024-12-10,13.972
2024-12-11,14.032
2024-12-12,14.56
2024-12-13,14.767
2024-12-16,15.065
2024-12-17,15.597
2024-12-18,16.03
2024-12-19,16.645
2024-12-20,16.188
2024-12-23,16.135
2024-12-24,16.13
2024-12-25,16.188
2024-12-26,16.193
2024-12-27,16.163
2024-12-30,15.888
2024-12-31,15.84
2025-01-01,15.927
2025-01-02,16.028
2025-01-03,15.73
2025-01-06,15.66
2025-01-07,14.985
2025-01-08,14.63
2025-01-09,14.325
2025-01-10,14.275
2025-01-13,14.182
2025-01-14,13.905
2025-01-15,13.665
2025-01-16,13.655
2025-01-17,14.0
2025-01-20,14.153
2025-01-21,13.9
2025-01-22,13.718
2025-01-23,13.83
2025-01-24,14.1
2025-01-27,14.1
2025-01-28,13.938
2025-01-29,13.985
2025-01-30,13.895
2025-01-31,13.948
2025-02-03,14.188
2025-02-04,13.903
2025-02-05,14.04
2025-02-06,14.042
2025-02-07,14.07
2025-02-10,14.265
2025-02-11,14.18
2025-02-12,13.872
2025-02-13,13.948
2025-02-14,13.417
2025-02-17,13.345
2025-02-18,13.308
2025-02-19,13.222
2025-02-20,13.22
2025-02-21,13.243
2025-02-24,13.4
2025-02-25,13.747
2025-02-26,13.677
2025-02-27,13.855
2025-02-28,13.995
2025-03-03,14.142
2025-03-04,14.22
2025-03-05,14.24
2025-03-06,14.052
2025-03-07,13.833
2025-03-10,14.005
2025-03-11,14.025
2025-03-12,13.745
2025-03-13,13.717
2025-03-14,13.663
2025-03-17,13.663
2025-03-18,13.622
2025-03-19,13.542
2025-03-20,13.495
2025-03-21,13.505
2025-03-24,13.798
2025-03-25,13.702
2025-03-26,13.858
2025-03-27,13.895
2025-03-28,13.97
2025-03-31,13.938
2025-04-01,13.935
2025-04-02,13.87
2025-04-03,13.86
2025-04-04,15.27
2025-04-07,15.477
2025-04-08,15.797
2025-04-09,15.327
2025-04-10,15.705
2025-04-11,15.64
2025-04-14,14.81
2025-04-15,14.7
2025-04-16,14.823
2025-04-17,14.71
2025-04-18,14.718
2025-04-21,14.827
2025-04-22,14.938
2025-04-23,14.938
2025-04-24,14.3
2025-04-25,14.167
2025-04-28,13.985
2025-04-29,13.915
2025-04-30,14.095
2025-05-01,14.198
2025-05-02,14.132
2025-05-05,14.285
2025-05-06,14.33
2025-05-07,14.25
2025-05-08,13.905
2025-05-09,13.325
2025-05-12,12.977
2025-05-13,12.882
2025-05-14,12.905
2025-05-15,13.302
2025-05-16,13.58
2025-05-19,13.663
2025-05-20,13.585
2025-05-21,13.59
2025-05-22,13.872
2025-05-23,14.26
2025-05-26,14.325
2025-05-27,13.927
2025-05-28,13.805
2025-05-29,13.82
2025-05-30,13.95
2025-06-02,13.637
2025-06-03,13.665
2025-06-04,13.695
2025-06-05,13.63
2025-06-06,13.573
2025-06-09,13.648
2025-06-10,13.505
2025-06-11,13.14
2025-06-12,13.065
2025-06-13,13.153
2025-06-16,12.91
2025-06-17,13.055
2025-06-18,13.052
2025-06-19,13.063
2025-06-20,12.725
2025-06-23,12.722
2025-06-24,12.253
2025-06-25,12.41
2025-06-26,12.48
2025-06-27,12.382
2025-06-30,12.45
2025-07-01,12.593
2025-07-02,12.93
2025-07-03,12.813
2025-07-04,12.798
2025-07-07,13.368
2025-07-08,13.292
2025-07-09,13.487
2025-07-10,14.11
2025-07-11,13.81
2025-07-14,13.74
2025-07-15,13.612
2025-07-16,13.823
2025-07-17,13.62
2025-07-18,13.567
2025-07-21,13.913
2025-07-22,13.757
2025-07-23,13.192
2025-07-24,13.183
2025-07-25,13.4
2025-07-28,13.635
2025-07-29,13.548
2025-07-30,13.472
2025-07-31,13.093
2025-08-01,12.843
2025-08-04,12.317
2025-08-05,12.313
2025-08-06,12.06
2025-08-07,12.013
2025-08-08,11.99
2025-08-11,11.972
2025-08-12,11.935
2025-08-13,11.878
2025-08-14,11.948
2025-08-15,11.802
2025-08-18,12.097
2025-08-19,12.823
2025-08-20,12.59
2025-08-21,12.468
2025-08-22,11.94
2025-08-25,11.965
2025-08-26,11.938
2025-08-27,11.952
2025-08-28,11.878
2025-08-29,11.802
2025-09-01,11.92
2025-09-02,12.263
2025-09-03,12.38
2025-09-04,12.425
2025-09-05,12.118
2025-09-08,12.013
2025-09-09,11.955
2025-09-10,11.827
2025-09-11,11.708
2025-09-12,11.743
2025-09-15,11.7
2025-09-16,11.843
2025-09-17,11.868
2025-09-18,11.83
2025-09-19,11.817
2025-09-22,11.875
2025-09-23,11.827
2025-09-24,11.823
2025-09-25,11.93
2025-09-26,11.663
2025-09-29,11.692
2025-09-30,11.505
2025-10-01,11.392
2025-10-02,11.333
2025-10-03,11.153
2025-10-06,11.167
2025-10-07,11.233
2025-10-08,11.215
2025-10-09,11.403
2025-10-10,12.905
2025-10-13,12.455
2025-10-14,12.78
2025-10-15,12.497
2025-10-16,12.462
2025-10-17,12.433
2025-10-20,12.208
2025-10-21,11.997
2025-10-22,12.023
2025-10-23,11.97
2025-10-24,11.788
2025-10-27,11.87
2025-10-28,11.778
2025-10-29,11.532
2025-10-30,11.71
2025-10-31,11.642
2025-11-03,11.438
2025-11-04,11.523
2025-11-05,11.233
2025-11-06,11.198
2025-11-07,11.142
2025-11-10,11.225
2025-11-11,11.17
2025-11-12,11.175
2025-11-13,11.292
2025-11-14,11.315
2025-11-17,11.545
2025-11-18,11.593
2025-11-19,11.655
2025-11-20,11.675
2025-11-21,12.22
2025-11-24,11.94
2025-11-25,11.77
2025-11-26,11.6
2025-11-27,11.6
2025-11-28,11.27
2025-12-01,11.36
2025-12-02,11.2
2025-12-03,11.177
2025-12-04,11.195
2025-12-05,12.795
2025-12-08,12.417
2025-12-09,12.462
2025-12-10,12.655
2025-12-11,12.398
2025-12-12,12.31
2025-12-15,12.378
2025-12-16,12.663
2025-12-17,13.225
2025-12-18,13.192
2025-12-19,13.08
2025-12-22,13.467
2025-12-23,13.445
2025-12-24,13.502
2025-12-25,13.51
2025-12-26,13.485
2025-12-29,13.653
2025-12-30,13.51
2025-12-31,13.483
2026-01-01,13.645
2026-01-02,13.31
2026-01-05,13.11
2026-01-06,11.865
2026-01-07,11.835
2026-01-08,11.9
2026-01-09,11.74
2026-01-12,11.645
2026-01-13,11.375
2026-01-14,11.263
2026-01-15,11.225
2026-01-16,11.235
2026-01-19,11.26
2026-01-20,11.513
2026-01-21,11.175
2026-01-22,11.03
2026-01-23,11.195
2026-01-26,11.337
2026-01-27,12.075
2026-01-28,11.813
2026-01-29,12.045
2026-01-30,12.32
2026-02-02,11.965
2026-02-03,11.765
2026-02-04,11.61
2026-02-05,11.885
2026-02-06,11.745
2026-02-09,11.68
2026-02-10,11.655
2026-02-11,11.485
2026-02-12,11.885
2026-02-13,12.04
2026-02-16,12.14
2026-02-17,12.155
2026-02-18,12.042
2026-02-19,12.18
2026-02-20,12.095
2026-02-23,12.165
2026-02-24,11.985
2026-02-25,11.86
2026-02-26,12.015
2026-02-27,12.015
2026-03-02,12.567
2026-03-03,13.515
2026-03-04,12.965
2026-03-05,13.632
2026-03-06,13.945
2026-03-09,13.565
2026-03-10,13.097
2026-03-11,13.405
2026-03-12,14.39
2026-03-13,14.755
2026-03-16,14.365
2026-03-17,14.163
2026-03-18,14.365
2026-03-19,14.863
2026-03-20,15.752
2026-03-23,15.57
2026-03-24,15.523
2026-03-25,14.738
2026-03-26,14.8
2026-03-27,15.007
2026-03-30,14.605
2026-03-31,13.847
2026-04-01,13.292
2026-04-02,13.28
2026-04-03,13.227
2026-04-06,12.98
2026-04-07,13.085
2026-04-08,12.49
2026-04-09,12.458
2026-04-10,12.745
2026-04-13,12.95
2026-04-14,12.917
2026-04-15,12.895
2026-04-16,12.475
2026-04-17,12.175
2026-04-20,12.193
2026-04-21,12.173
2026-04-22,12.153
2026-04-23,12.343
2026-04-24,12.327
2026-04-27,12.19
2026-04-28,12.237
2026-04-29,12.62
2026-04-30,12.333
2026-05-01,12.368
2026-05-04,12.597
2026-05-05,12.468
2026-05-06,12.285
2026-05-07,12.218
2026-05-08,12.055
2026-05-11,11.977
2026-05-12,11.997
2026-05-13,12.51
2026-05-14,12.727
2026-05-15,13.392
2026-05-18,13.15
2026-05-19,13.523
2026-05-20,13.452
2026-05-21,13.313
2026-05-22,13.208
2026-05-25,13.243
2026-05-26,13.192
2026-05-27,13.13
2026-05-28,12.93
2026-05-29,12.747
2026-06-01,12.767
2026-06-02,12.47
2026-06-03,12.68
2026-06-04,12.625
2026-06-05,13.31
2026-06-08,13.085
2026-06-09,12.938
2026-06-10,12.823
2026-06-11,12.663
2026-06-12,12.49
2026-06-15,12.275
2026-06-16,12.115
2026-06-17,12.075
2026-06-18,12.347
2026-06-19,12.192
2026-06-22,11.948
2026-06-23,12.302
2026-06-24,12.41
2026-06-25,12.29
2026-06-26,12.145
2026-06-29,12.245
2026-06-30,12.188
2026-07-01,12.225
2026-07-02,12.227
2026-07-03,13.948
2026-07-06,13.88
2026-07-07,13.6
2026-07-08,13.575
2026-07-09,13.53
2026-07-10,13.243
2026-07-13,13.295
2026-07-14,13.12
2026-07-15,12.96
2026-07-16,13.015
2026-07-17,13.038
2026-07-20,13.073
2026-07-21,13.013
2026-07-22,13.108
2026-07-23,13.47
2026-07-24,14.965
2026-07-27,15.005
2026-07-28,15.028
2026-07-29,15.093
2026-07-30,15.057
2026-07-31,15.038
2026-08-03,15.015
2026-08-04,15.18
